cell_id,family,task,model,seed,explainer,alpha,crc_fraction,crc_test_risk,crc_mean_atom_fraction,naive_fraction,naive_test_risk,random_fraction,crc_minus_naive_fraction,risk_pass,efficiency_pass,oracle_fraction,oracle_calibration_risk,oracle_corrected_risk,oracle_n_calibration_rationale,oracle_test_risk,oracle_test_mean_atom_fraction,oracle_test_median_atom_fraction,oracle_test_precision,oracle_test_iou,oracle_n_test_rationale,excess_grid_fraction,recoverable_efficiency_grid
bxaic__B__gcn__seed123,bxaic,B,gcn,123,gradinput,0.05,0.01,0.0290519877675841,0.0386003571497199,0.01,0.0290519877675841,0.9670689714625956,0.0,True,True,0.01,0.012605042016806723,0.020833333333333332,119,0.029051987767584102,0.03860035714971998,0.037037037037037035,0.9908256880733946,0.9617737003058103,109,0.0,1.0
bxaic__B__gcn__seed123,bxaic,B,gcn,123,gradinput,0.1,0.01,0.0290519877675841,0.0386003571497199,0.01,0.0290519877675841,0.9109252060222288,0.0,True,True,0.01,0.012605042016806723,0.020833333333333332,119,0.029051987767584102,0.03860035714971998,0.037037037037037035,0.9908256880733946,0.9617737003058103,109,0.0,1.0
bxaic__B__gcn__seed123,bxaic,B,gcn,123,gradinput,0.2,0.01,0.0290519877675841,0.0386003571497199,0.01,0.0290519877675841,0.7782746170955813,0.0,True,True,0.01,0.012605042016806723,0.020833333333333332,119,0.029051987767584102,0.03860035714971998,0.037037037037037035,0.9908256880733946,0.9617737003058103,109,0.0,1.0
bxaic__B__gcn__seed123,bxaic,B,gcn,123,ig,0.05,0.01,0.0290519877675841,0.0386003571497199,0.01,0.0290519877675841,0.9670689714625956,0.0,True,True,0.01,0.012605042016806723,0.020833333333333332,119,0.029051987767584102,0.03860035714971998,0.037037037037037035,0.9908256880733946,0.9617737003058103,109,0.0,1.0
bxaic__B__gcn__seed123,bxaic,B,gcn,123,ig,0.1,0.01,0.0290519877675841,0.0386003571497199,0.01,0.0290519877675841,0.9109252060222288,0.0,True,True,0.01,0.012605042016806723,0.020833333333333332,119,0.029051987767584102,0.03860035714971998,0.037037037037037035,0.9908256880733946,0.9617737003058103,109,0.0,1.0
bxaic__B__gcn__seed123,bxaic,B,gcn,123,ig,0.2,0.01,0.0290519877675841,0.0386003571497199,0.01,0.0290519877675841,0.7782746170955813,0.0,True,True,0.01,0.012605042016806723,0.020833333333333332,119,0.029051987767584102,0.03860035714971998,0.037037037037037035,0.9908256880733946,0.9617737003058103,109,0.0,1.0
bxaic__B__gcn__seed2026,bxaic,B,gcn,2026,gradinput,0.05,0.01,0.0290519877675841,0.0386003571497199,0.01,0.0290519877675841,0.9500960721384788,0.0,True,True,0.01,0.012605042016806723,0.020833333333333332,119,0.029051987767584102,0.03860035714971998,0.037037037037037035,0.9908256880733946,0.9617737003058103,109,0.0,1.0
bxaic__B__gcn__seed2026,bxaic,B,gcn,2026,gradinput,0.1,0.01,0.0290519877675841,0.0386003571497199,0.01,0.0290519877675841,0.8893335038811342,0.0,True,True,0.01,0.012605042016806723,0.020833333333333332,119,0.029051987767584102,0.03860035714971998,0.037037037037037035,0.9908256880733946,0.9617737003058103,109,0.0,1.0
bxaic__B__gcn__seed2026,bxaic,B,gcn,2026,gradinput,0.2,0.01,0.0290519877675841,0.0386003571497199,0.01,0.0290519877675841,0.7989221917985107,0.0,True,True,0.01,0.012605042016806723,0.020833333333333332,119,0.029051987767584102,0.03860035714971998,0.037037037037037035,0.9908256880733946,0.9617737003058103,109,0.0,1.0
bxaic__B__gcn__seed2026,bxaic,B,gcn,2026,ig,0.05,0.01,0.0290519877675841,0.0386003571497199,0.01,0.0290519877675841,0.9500960721384788,0.0,True,True,0.01,0.012605042016806723,0.020833333333333332,119,0.029051987767584102,0.03860035714971998,0.037037037037037035,0.9908256880733946,0.9617737003058103,109,0.0,1.0
bxaic__B__gcn__seed2026,bxaic,B,gcn,2026,ig,0.1,0.01,0.0290519877675841,0.0386003571497199,0.01,0.0290519877675841,0.8893335038811342,0.0,True,True,0.01,0.012605042016806723,0.020833333333333332,119,0.029051987767584102,0.03860035714971998,0.037037037037037035,0.9908256880733946,0.9617737003058103,109,0.0,1.0
bxaic__B__gcn__seed2026,bxaic,B,gcn,2026,ig,0.2,0.01,0.0290519877675841,0.0386003571497199,0.01,0.0290519877675841,0.7989221917985107,0.0,True,True,0.01,0.012605042016806723,0.020833333333333332,119,0.029051987767584102,0.03860035714971998,0.037037037037037035,0.9908256880733946,0.9617737003058103,109,0.0,1.0
bxaic__B__gcn__seed42,bxaic,B,gcn,42,gradinput,0.05,0.01,0.0290519877675841,0.0386003571497199,0.01,0.0290519877675841,0.958384319631281,0.0,True,True,0.01,0.012605042016806723,0.020833333333333332,119,0.029051987767584102,0.03860035714971998,0.037037037037037035,0.9908256880733946,0.9617737003058103,109,0.0,1.0
bxaic__B__gcn__seed42,bxaic,B,gcn,42,gradinput,0.1,0.01,0.0290519877675841,0.0386003571497199,0.01,0.0290519877675841,0.9109252060222288,0.0,True,True,0.01,0.012605042016806723,0.020833333333333332,119,0.029051987767584102,0.03860035714971998,0.037037037037037035,0.9908256880733946,0.9617737003058103,109,0.0,1.0
bxaic__B__gcn__seed42,bxaic,B,gcn,42,gradinput,0.2,0.01,0.0290519877675841,0.0386003571497199,0.01,0.0290519877675841,0.7894019257274031,0.0,True,True,0.01,0.012605042016806723,0.020833333333333332,119,0.029051987767584102,0.03860035714971998,0.037037037037037035,0.9908256880733946,0.9617737003058103,109,0.0,1.0
bxaic__B__gcn__seed42,bxaic,B,gcn,42,ig,0.05,0.01,0.0290519877675841,0.0386003571497199,0.01,0.0290519877675841,0.958384319631281,0.0,True,True,0.01,0.012605042016806723,0.020833333333333332,119,0.029051987767584102,0.03860035714971998,0.037037037037037035,0.9908256880733946,0.9617737003058103,109,0.0,1.0
bxaic__B__gcn__seed42,bxaic,B,gcn,42,ig,0.1,0.01,0.0290519877675841,0.0386003571497199,0.01,0.0290519877675841,0.9109252060222288,0.0,True,True,0.01,0.012605042016806723,0.020833333333333332,119,0.029051987767584102,0.03860035714971998,0.037037037037037035,0.9908256880733946,0.9617737003058103,109,0.0,1.0
bxaic__B__gcn__seed42,bxaic,B,gcn,42,ig,0.2,0.01,0.0290519877675841,0.0386003571497199,0.01,0.0290519877675841,0.7894019257274031,0.0,True,True,0.01,0.012605042016806723,0.020833333333333332,119,0.029051987767584102,0.03860035714971998,0.037037037037037035,0.9908256880733946,0.9617737003058103,109,0.0,1.0
bxaic__B__gin__seed123,bxaic,B,gin,123,gradinput,0.05,0.01,0.0290519877675841,0.0386003571497199,0.01,0.0290519877675841,0.9670689714625956,0.0,True,True,0.01,0.012605042016806723,0.020833333333333332,119,0.029051987767584102,0.03860035714971998,0.037037037037037035,0.9908256880733946,0.9617737003058103,109,0.0,1.0
bxaic__B__gin__seed123,bxaic,B,gin,123,gradinput,0.1,0.01,0.0290519877675841,0.0386003571497199,0.01,0.0290519877675841,0.9109252060222288,0.0,True,True,0.01,0.012605042016806723,0.020833333333333332,119,0.029051987767584102,0.03860035714971998,0.037037037037037035,0.9908256880733946,0.9617737003058103,109,0.0,1.0
bxaic__B__gin__seed123,bxaic,B,gin,123,gradinput,0.2,0.01,0.0290519877675841,0.0386003571497199,0.01,0.0290519877675841,0.7782746170955813,0.0,True,True,0.01,0.012605042016806723,0.020833333333333332,119,0.029051987767584102,0.03860035714971998,0.037037037037037035,0.9908256880733946,0.9617737003058103,109,0.0,1.0
bxaic__B__gin__seed123,bxaic,B,gin,123,ig,0.05,0.01,0.0290519877675841,0.0386003571497199,0.01,0.0290519877675841,0.9670689714625956,0.0,True,True,0.01,0.012605042016806723,0.020833333333333332,119,0.029051987767584102,0.03860035714971998,0.037037037037037035,0.9908256880733946,0.9617737003058103,109,0.0,1.0
bxaic__B__gin__seed123,bxaic,B,gin,123,ig,0.1,0.01,0.0290519877675841,0.0386003571497199,0.01,0.0290519877675841,0.9109252060222288,0.0,True,True,0.01,0.012605042016806723,0.020833333333333332,119,0.029051987767584102,0.03860035714971998,0.037037037037037035,0.9908256880733946,0.9617737003058103,109,0.0,1.0
bxaic__B__gin__seed123,bxaic,B,gin,123,ig,0.2,0.01,0.0290519877675841,0.0386003571497199,0.01,0.0290519877675841,0.7782746170955813,0.0,True,True,0.01,0.012605042016806723,0.020833333333333332,119,0.029051987767584102,0.03860035714971998,0.037037037037037035,0.9908256880733946,0.9617737003058103,109,0.0,1.0
bxaic__B__gin__seed2026,bxaic,B,gin,2026,gradinput,0.05,0.01,0.0290519877675841,0.0386003571497199,0.01,0.0290519877675841,0.9500960721384788,0.0,True,True,0.01,0.012605042016806723,0.020833333333333332,119,0.029051987767584102,0.03860035714971998,0.037037037037037035,0.9908256880733946,0.9617737003058103,109,0.0,1.0
bxaic__B__gin__seed2026,bxaic,B,gin,2026,gradinput,0.1,0.01,0.0290519877675841,0.0386003571497199,0.01,0.0290519877675841,0.8893335038811342,0.0,True,True,0.01,0.012605042016806723,0.020833333333333332,119,0.029051987767584102,0.03860035714971998,0.037037037037037035,0.9908256880733946,0.9617737003058103,109,0.0,1.0
bxaic__B__gin__seed2026,bxaic,B,gin,2026,gradinput,0.2,0.01,0.0290519877675841,0.0386003571497199,0.01,0.0290519877675841,0.7989221917985107,0.0,True,True,0.01,0.012605042016806723,0.020833333333333332,119,0.029051987767584102,0.03860035714971998,0.037037037037037035,0.9908256880733946,0.9617737003058103,109,0.0,1.0
bxaic__B__gin__seed2026,bxaic,B,gin,2026,ig,0.05,0.01,0.0290519877675841,0.0386003571497199,0.01,0.0290519877675841,0.9500960721384788,0.0,True,True,0.01,0.012605042016806723,0.020833333333333332,119,0.029051987767584102,0.03860035714971998,0.037037037037037035,0.9908256880733946,0.9617737003058103,109,0.0,1.0
bxaic__B__gin__seed2026,bxaic,B,gin,2026,ig,0.1,0.01,0.0290519877675841,0.0386003571497199,0.01,0.0290519877675841,0.8893335038811342,0.0,True,True,0.01,0.012605042016806723,0.020833333333333332,119,0.029051987767584102,0.03860035714971998,0.037037037037037035,0.9908256880733946,0.9617737003058103,109,0.0,1.0
bxaic__B__gin__seed2026,bxaic,B,gin,2026,ig,0.2,0.01,0.0290519877675841,0.0386003571497199,0.01,0.0290519877675841,0.7989221917985107,0.0,True,True,0.01,0.012605042016806723,0.020833333333333332,119,0.029051987767584102,0.03860035714971998,0.037037037037037035,0.9908256880733946,0.9617737003058103,109,0.0,1.0
bxaic__B__gin__seed42,bxaic,B,gin,42,gradinput,0.05,0.01,0.0290519877675841,0.0386003571497199,0.01,0.0290519877675841,0.958384319631281,0.0,True,True,0.01,0.012605042016806723,0.020833333333333332,119,0.029051987767584102,0.03860035714971998,0.037037037037037035,0.9908256880733946,0.9617737003058103,109,0.0,1.0
bxaic__B__gin__seed42,bxaic,B,gin,42,gradinput,0.1,0.01,0.0290519877675841,0.0386003571497199,0.01,0.0290519877675841,0.9109252060222288,0.0,True,True,0.01,0.012605042016806723,0.020833333333333332,119,0.029051987767584102,0.03860035714971998,0.037037037037037035,0.9908256880733946,0.9617737003058103,109,0.0,1.0
bxaic__B__gin__seed42,bxaic,B,gin,42,gradinput,0.2,0.01,0.0290519877675841,0.0386003571497199,0.01,0.0290519877675841,0.7894019257274031,0.0,True,True,0.01,0.012605042016806723,0.020833333333333332,119,0.029051987767584102,0.03860035714971998,0.037037037037037035,0.9908256880733946,0.9617737003058103,109,0.0,1.0
bxaic__B__gin__seed42,bxaic,B,gin,42,ig,0.05,0.01,0.0290519877675841,0.0386003571497199,0.01,0.0290519877675841,0.958384319631281,0.0,True,True,0.01,0.012605042016806723,0.020833333333333332,119,0.029051987767584102,0.03860035714971998,0.037037037037037035,0.9908256880733946,0.9617737003058103,109,0.0,1.0
bxaic__B__gin__seed42,bxaic,B,gin,42,ig,0.1,0.01,0.0290519877675841,0.0386003571497199,0.01,0.0290519877675841,0.9109252060222288,0.0,True,True,0.01,0.012605042016806723,0.020833333333333332,119,0.029051987767584102,0.03860035714971998,0.037037037037037035,0.9908256880733946,0.9617737003058103,109,0.0,1.0
bxaic__B__gin__seed42,bxaic,B,gin,42,ig,0.2,0.01,0.0290519877675841,0.0386003571497199,0.01,0.0290519877675841,0.7894019257274031,0.0,True,True,0.01,0.012605042016806723,0.020833333333333332,119,0.029051987767584102,0.03860035714971998,0.037037037037037035,0.9908256880733946,0.9617737003058103,109,0.0,1.0
bxaic__indole__gcn__seed123,bxaic,indole,gcn,123,gradinput,0.05,0.96,0.0476337234323157,0.9747994993281844,0.96,0.0476337234323157,0.9561229549588244,0.0,True,False,0.35000000000000003,0.045435480729598375,0.04594107634361888,1887,0.042590375244679526,0.3678004329265347,0.36585365853658536,0.7870305160247706,0.7444401407800911,1847,0.6099999999999999,-0.006396466277108686
bxaic__indole__gcn__seed123,bxaic,indole,gcn,123,gradinput,0.1,0.8300000000000001,0.0977287608919986,0.8468982391419475,0.8200000000000001,0.1001952230227812,0.90726752777742,0.01,True,False,0.3,0.09402434108316463,0.09450420107199857,1887,0.08899237155192759,0.3145430447201606,0.3125,0.8595613870904957,0.770569015538568,1847,0.53,0.12723803635642544
bxaic__indole__gcn__seed123,bxaic,indole,gcn,123,gradinput,0.2,0.51,0.1939799582598717,0.5254579598587015,0.51,0.1939799582598717,0.8060574077896909,0.0,True,True,0.24,0.19332703744468455,0.19375430066637703,1887,0.1848683165277643,0.2551492400011478,0.25,0.9228694858969221,0.7380011693691578,1847,0.27,0.5230165769682605
bxaic__indole__gcn__seed123,bxaic,indole,gcn,123,ig,0.05,0.93,0.0481432699827394,0.9462280636892684,0.93,0.0481432699827394,0.9561229549588244,0.0,True,False,0.35000000000000003,0.045435480729598375,0.04594107634361888,1887,0.042590375244679526,0.3678004329265347,0.36585365853658536,0.7870305160247706,0.7444401407800911,1847,0.5800000000000001,0.04309844190045391
bxaic__indole__gcn__seed123,bxaic,indole,gcn,123,ig,0.1,0.76,0.0941371200236928,0.7755804835294008,0.76,0.0941371200236928,0.90726752777742,0.0,True,True,0.3,0.09402434108316463,0.09450420107199857,1887,0.08899237155192759,0.3145430447201606,0.3125,0.8595613870904957,0.770569015538568,1847,0.46,0.24250848438482217
bxaic__indole__gcn__seed123,bxaic,indole,gcn,123,ig,0.2,0.51,0.1874788291477517,0.5254579598587015,0.51,0.1874788291477517,0.8060574077896909,0.0,True,True,0.24,0.19332703744468455,0.19375430066637703,1887,0.1848683165277643,0.2551492400011478,0.25,0.9228694858969221,0.7380011693691578,1847,0.27,0.5230165769682605
bxaic__indole__gcn__seed2026,bxaic,indole,gcn,2026,gradinput,0.05,0.97,0.019608373939722,0.9902939499285958,0.97,0.019608373939722,0.9561229549588244,0.0,True,False,0.35000000000000003,0.045435480729598375,0.04594107634361888,1887,0.042590375244679526,0.3678004329265347,0.36585365853658536,0.7870305160247706,0.7444401407800911,1847,0.6199999999999999,-0.022894769002962945
bxaic__indole__gcn__seed2026,bxaic,indole,gcn,2026,gradinput,0.1,0.87,0.0977877037839139,0.886845717303693,0.87,0.0977877037839139,0.90726752777742,0.0,True,False,0.3,0.09402434108316463,0.09450420107199857,1887,0.08899237155192759,0.3145430447201606,0.3125,0.8595613870904957,0.770569015538568,1847,0.5700000000000001,0.0613692089116275
bxaic__indole__gcn__seed2026,bxaic,indole,gcn,2026,gradinput,0.2,0.51,0.1902333536943716,0.5254579598587015,0.51,0.1902333536943716,0.8060574077896909,0.0,True,True,0.24,0.19332703744468455,0.19375430066637703,1887,0.1848683165277643,0.2551492400011478,0.25,0.9228694858969221,0.7380011693691578,1847,0.27,0.5230165769682605
bxaic__indole__gcn__seed2026,bxaic,indole,gcn,2026,ig,0.05,0.81,0.043453116395726,0.8271643980179285,0.81,0.043453116395726,0.9561229549588244,0.0,True,False,0.35000000000000003,0.045435480729598375,0.04594107634361888,1887,0.042590375244679526,0.3678004329265347,0.36585365853658536,0.7870305160247706,0.7444401407800911,1847,0.46,0.24107807461070482
bxaic__indole__gcn__seed2026,bxaic,indole,gcn,2026,ig,0.1,0.71,0.092807636777588,0.727164883610353,0.71,0.092807636777588,0.90726752777742,0.0,True,True,0.3,0.09402434108316463,0.09450420107199857,1887,0.08899237155192759,0.3145430447201606,0.3125,0.8595613870904957,0.770569015538568,1847,0.41,0.3248445186908199
bxaic__indole__gcn__seed2026,bxaic,indole,gcn,2026,ig,0.2,0.58,0.1929748055289474,0.5961126805626655,0.58,0.1929748055289474,0.8060574077896909,0.0,True,True,0.24,0.19332703744468455,0.19375430066637703,1887,0.1848683165277643,0.2551492400011478,0.25,0.9228694858969221,0.7380011693691578,1847,0.33999999999999997,0.39935420803410593
bxaic__indole__gcn__seed42,bxaic,indole,gcn,42,gradinput,0.05,0.8300000000000001,0.0470045557823034,0.8468982391419475,0.8300000000000001,0.0470045557823034,0.9561229549588244,0.0,True,False,0.35000000000000003,0.045435480729598375,0.04594107634361888,1887,0.042590375244679526,0.3678004329265347,0.36585365853658536,0.7870305160247706,0.7444401407800911,1847,0.48000000000000004,0.2080814691589963
bxaic__indole__gcn__seed42,bxaic,indole,gcn,42,gradinput,0.1,0.6900000000000001,0.0921602483121162,0.7066609235190675,0.6900000000000001,0.0921602483121162,0.90726752777742,0.0,True,True,0.3,0.09402434108316463,0.09450420107199857,1887,0.08899237155192759,0.3145430447201606,0.3125,0.8595613870904957,0.770569015538568,1847,0.39000000000000007,0.35777893241321873
bxaic__indole__gcn__seed42,bxaic,indole,gcn,42,gradinput,0.2,0.51,0.1878853750672917,0.5254579598587015,0.51,0.1878853750672917,0.8060574077896909,0.0,True,True,0.24,0.19332703744468455,0.19375430066637703,1887,0.1848683165277643,0.2551492400011478,0.25,0.9228694858969221,0.7380011693691578,1847,0.27,0.5230165769682605
bxaic__indole__gcn__seed42,bxaic,indole,gcn,42,ig,0.05,0.77,0.0485283943933104,0.7868792996495827,0.77,0.0485283943933104,0.9561229549588244,0.0,True,True,0.35000000000000003,0.045435480729598375,0.04594107634361888,1887,0.042590375244679526,0.3678004329265347,0.36585365853658536,0.7870305160247706,0.7444401407800911,1847,0.42,0.3070712855141219
bxaic__indole__gcn__seed42,bxaic,indole,gcn,42,ig,0.1,0.68,0.0951195979620451,0.6955214960377726,0.68,0.0951195979620451,0.90726752777742,0.0,True,True,0.3,0.09402434108316463,0.09450420107199857,1887,0.08899237155192759,0.3145430447201606,0.3125,0.8595613870904957,0.770569015538568,1847,0.38000000000000006,0.37424613927441824
bxaic__indole__gcn__seed42,bxaic,indole,gcn,42,ig,0.2,0.55,0.192736990144949,0.5656559959354353,0.55,0.192736990144949,0.8060574077896909,0.0,True,True,0.24,0.19332703744468455,0.19375430066637703,1887,0.1848683165277643,0.2551492400011478,0.25,0.9228694858969221,0.7380011693691578,1847,0.31000000000000005,0.4523523661487435
bxaic__indole__gin__seed123,bxaic,indole,gin,123,gradinput,0.05,0.96,0.0464803940169397,0.9747994993281844,0.96,0.0464803940169397,0.9561229549588244,0.0,True,False,0.35000000000000003,0.045435480729598375,0.04594107634361888,1887,0.042590375244679526,0.3678004329265347,0.36585365853658536,0.7870305160247706,0.7444401407800911,1847,0.6099999999999999,-0.006396466277108686
bxaic__indole__gin__seed123,bxaic,indole,gin,123,gradinput,0.1,0.93,0.0900985775038292,0.9462280636892684,0.93,0.0900985775038292,0.90726752777742,0.0,True,False,0.3,0.09402434108316463,0.09450420107199857,1887,0.08899237155192759,0.3145430447201606,0.3125,0.8595613870904957,0.770569015538568,1847,0.6300000000000001,-0.03743403225556971
bxaic__indole__gin__seed123,bxaic,indole,gin,123,gradinput,0.2,0.85,0.1891435753983128,0.8652452057581679,0.85,0.1891435753983128,0.8060574077896909,0.0,True,False,0.24,0.19332703744468455,0.19375430066637703,1887,0.1848683165277643,0.2551492400011478,0.25,0.9228694858969221,0.7380011693691578,1847,0.61,-0.07762921499763356
bxaic__indole__gin__seed123,bxaic,indole,gin,123,ig,0.05,0.6900000000000001,0.0481613172666231,0.7066609235190675,0.6900000000000001,0.0481613172666231,0.9561229549588244,0.0,True,True,0.35000000000000003,0.045435480729598375,0.04594107634361888,1887,0.042590375244679526,0.3678004329265347,0.36585365853658536,0.7870305160247706,0.7444401407800911,1847,0.34,0.4390577073209557
bxaic__indole__gin__seed123,bxaic,indole,gin,123,ig,0.1,0.55,0.0965217330945539,0.5656559959354353,0.55,0.0965217330945539,0.90726752777742,0.0,True,True,0.3,0.09402434108316463,0.09450420107199857,1887,0.08899237155192759,0.3145430447201606,0.3125,0.8595613870904957,0.770569015538568,1847,0.25000000000000006,0.5883198284700121
bxaic__indole__gin__seed123,bxaic,indole,gin,123,ig,0.2,0.39,0.1948047924022477,0.4058785626735883,0.39,0.1948047924022477,0.8060574077896909,0.0,True,True,0.24,0.19332703744468455,0.19375430066637703,1887,0.1848683165277643,0.2551492400011478,0.25,0.9228694858969221,0.7380011693691578,1847,0.15000000000000002,0.7350092094268114
bxaic__indole__gin__seed2026,bxaic,indole,gin,2026,gradinput,0.05,0.97,0.0505745823287783,0.9902939499285958,0.97,0.0505745823287783,0.9561229549588244,0.0,False,False,0.35000000000000003,0.045435480729598375,0.04594107634361888,1887,0.042590375244679526,0.3678004329265347,0.36585365853658536,0.7870305160247706,0.7444401407800911,1847,0.6199999999999999,-0.022894769002962945
bxaic__indole__gin__seed2026,bxaic,indole,gin,2026,gradinput,0.1,0.96,0.0988452823320176,0.9747994993281844,0.96,0.0988452823320176,0.90726752777742,0.0,True,False,0.3,0.09402434108316463,0.09450420107199857,1887,0.08899237155192759,0.3145430447201606,0.3125,0.8595613870904957,0.770569015538568,1847,0.6599999999999999,-0.08683565283916812
bxaic__indole__gin__seed2026,bxaic,indole,gin,2026,gradinput,0.2,0.93,0.178875480682465,0.9462280636892684,0.93,0.178875480682465,0.8060574077896909,0.0,True,False,0.24,0.19332703744468455,0.19375430066637703,1887,0.1848683165277643,0.2551492400011478,0.25,0.9228694858969221,0.7380011693691578,1847,0.6900000000000001,-0.2189576366366676
bxaic__indole__gin__seed2026,bxaic,indole,gin,2026,ig,0.05,0.88,0.0481353260928247,0.8954710135035089,0.88,0.0481353260928247,0.9561229549588244,0.0,True,False,0.35000000000000003,0.045435480729598375,0.04594107634361888,1887,0.042590375244679526,0.3678004329265347,0.36585365853658536,0.7870305160247706,0.7444401407800911,1847,0.53,0.1255899555297252
bxaic__indole__gin__seed2026,bxaic,indole,gin,2026,ig,0.1,0.66,0.0950887671854104,0.6771674344541085,0.66,0.0950887671854104,0.90726752777742,0.0,True,True,0.3,0.09402434108316463,0.09450420107199857,1887,0.08899237155192759,0.3145430447201606,0.3125,0.8595613870904957,0.770569015538568,1847,0.36000000000000004,0.4071805529968173
bxaic__indole__gin__seed2026,bxaic,indole,gin,2026,ig,0.2,0.44,0.1870168688116712,0.4554649986536597,0.44,0.1870168688116712,0.8060574077896909,0.0,True,True,0.24,0.19332703744468455,0.19375430066637703,1887,0.1848683165277643,0.2551492400011478,0.25,0.9228694858969221,0.7380011693691578,1847,0.2,0.6466789459024151
bxaic__indole__gin__seed42,bxaic,indole,gin,42,gradinput,0.05,0.96,0.0490741126366464,0.9747994993281844,0.96,0.0490741126366464,0.9561229549588244,0.0,True,False,0.35000000000000003,0.045435480729598375,0.04594107634361888,1887,0.042590375244679526,0.3678004329265347,0.36585365853658536,0.7870305160247706,0.7444401407800911,1847,0.6099999999999999,-0.006396466277108686
bxaic__indole__gin__seed42,bxaic,indole,gin,42,gradinput,0.1,0.93,0.0921752491527803,0.9462280636892684,0.93,0.0921752491527803,0.90726752777742,0.0,True,False,0.3,0.09402434108316463,0.09450420107199857,1887,0.08899237155192759,0.3145430447201606,0.3125,0.8595613870904957,0.770569015538568,1847,0.6300000000000001,-0.03743403225556971
bxaic__indole__gin__seed42,bxaic,indole,gin,42,gradinput,0.2,0.85,0.2060787146940368,0.8652452057581679,0.85,0.2060787146940368,0.8060574077896909,0.0,False,False,0.24,0.19332703744468455,0.19375430066637703,1887,0.1848683165277643,0.2551492400011478,0.25,0.9228694858969221,0.7380011693691578,1847,0.61,-0.07762921499763356
bxaic__indole__gin__seed42,bxaic,indole,gin,42,ig,0.05,0.79,0.0491426383278034,0.8060574077896909,0.78,0.0522919472093809,0.9561229549588244,0.01,True,False,0.35000000000000003,0.045435480729598375,0.04594107634361888,1887,0.042590375244679526,0.3678004329265347,0.36585365853658536,0.7870305160247706,0.7444401407800911,1847,0.44,0.27407468006241337
bxaic__indole__gin__seed42,bxaic,indole,gin,42,ig,0.1,0.67,0.0980146445224951,0.6886269315023926,0.67,0.0980146445224951,0.90726752777742,0.0,True,True,0.3,0.09402434108316463,0.09450420107199857,1887,0.08899237155192759,0.3145430447201606,0.3125,0.8595613870904957,0.770569015538568,1847,0.37000000000000005,0.3907133461356178
bxaic__indole__gin__seed42,bxaic,indole,gin,42,ig,0.2,0.47,0.198500185871599,0.4859745523486496,0.47,0.198500185871599,0.8060574077896909,0.0,True,True,0.24,0.19332703744468455,0.19375430066637703,1887,0.1848683165277643,0.2551492400011478,0.25,0.9228694858969221,0.7380011693691578,1847,0.22999999999999998,0.5936807877877776
bxaic__P__gcn__seed123,bxaic,P,gcn,123,gradinput,0.05,0.04,0.0423878015155905,0.0560134724761788,0.04,0.0423878015155905,0.9569520123848,0.0,True,True,0.04,0.0341657819901172,0.035633615148186935,657,0.04238780151559057,0.0560134724761788,0.05405405405405406,0.7105022850712506,0.6681144835556599,638,0.0,1.0
bxaic__P__gcn__seed123,bxaic,P,gcn,123,gradinput,0.1,0.02,0.1097649062474804,0.0365457382575857,0.02,0.1097649062474804,0.9155993798160156,0.0,False,True,0.02,0.09194353263652216,0.09332355766291041,657,0.10976490624748046,0.03654573825758572,0.03333333333333333,0.9612068965517241,0.8514419903042437,638,0.0,1.0
bxaic__P__gcn__seed123,bxaic,P,gcn,123,gradinput,0.2,0.01,0.1261095019369959,0.0347549874610954,0.01,0.1261095019369959,0.8074985489100943,0.0,True,True,0.01,0.11390814247381531,0.11525478663418944,657,0.12610950193699597,0.03475498746109547,0.03125,0.9929467084639498,0.8668372065269538,638,0.0,1.0
bxaic__P__gcn__seed123,bxaic,P,gcn,123,ig,0.05,0.04,0.0423878015155905,0.0560134724761788,0.04,0.0423878015155905,0.9569520123848,0.0,True,True,0.04,0.0341657819901172,0.035633615148186935,657,0.04238780151559057,0.0560134724761788,0.05405405405405406,0.7105022850712506,0.6681144835556599,638,0.0,1.0
bxaic__P__gcn__seed123,bxaic,P,gcn,123,ig,0.1,0.02,0.1097649062474804,0.0365457382575857,0.02,0.1097649062474804,0.9155993798160156,0.0,False,True,0.02,0.09194353263652216,0.09332355766291041,657,0.10976490624748046,0.03654573825758572,0.03333333333333333,0.9612068965517241,0.8514419903042437,638,0.0,1.0
bxaic__P__gcn__seed123,bxaic,P,gcn,123,ig,0.2,0.01,0.1261095019369959,0.0347549874610954,0.01,0.1261095019369959,0.8074985489100943,0.0,True,True,0.01,0.11390814247381531,0.11525478663418944,657,0.12610950193699597,0.03475498746109547,0.03125,0.9929467084639498,0.8668372065269538,638,0.0,1.0
bxaic__P__gcn__seed2026,bxaic,P,gcn,2026,gradinput,0.05,0.04,0.0423878015155905,0.0560134724761788,0.04,0.0423878015155905,0.9569520123848,0.0,True,True,0.04,0.0341657819901172,0.035633615148186935,657,0.04238780151559057,0.0560134724761788,0.05405405405405406,0.7105022850712506,0.6681144835556599,638,0.0,1.0
bxaic__P__gcn__seed2026,bxaic,P,gcn,2026,gradinput,0.1,0.02,0.1097649062474804,0.0365457382575857,0.02,0.1097649062474804,0.9084086740208712,0.0,False,True,0.02,0.09194353263652216,0.09332355766291041,657,0.10976490624748046,0.03654573825758572,0.03333333333333333,0.9612068965517241,0.8514419903042437,638,0.0,1.0
bxaic__P__gcn__seed2026,bxaic,P,gcn,2026,gradinput,0.2,0.01,0.1261095019369959,0.0347549874610954,0.01,0.1261095019369959,0.8074985489100943,0.0,True,True,0.01,0.11390814247381531,0.11525478663418944,657,0.12610950193699597,0.03475498746109547,0.03125,0.9929467084639498,0.8668372065269538,638,0.0,1.0
bxaic__P__gcn__seed2026,bxaic,P,gcn,2026,ig,0.05,0.04,0.0423878015155905,0.0560134724761788,0.04,0.0423878015155905,0.9569520123848,0.0,True,True,0.04,0.0341657819901172,0.035633615148186935,657,0.04238780151559057,0.0560134724761788,0.05405405405405406,0.7105022850712506,0.6681144835556599,638,0.0,1.0
bxaic__P__gcn__seed2026,bxaic,P,gcn,2026,ig,0.1,0.02,0.1097649062474804,0.0365457382575857,0.02,0.1097649062474804,0.9084086740208712,0.0,False,True,0.02,0.09194353263652216,0.09332355766291041,657,0.10976490624748046,0.03654573825758572,0.03333333333333333,0.9612068965517241,0.8514419903042437,638,0.0,1.0
bxaic__P__gcn__seed2026,bxaic,P,gcn,2026,ig,0.2,0.01,0.1261095019369959,0.0347549874610954,0.01,0.1261095019369959,0.8074985489100943,0.0,True,True,0.01,0.11390814247381531,0.11525478663418944,657,0.12610950193699597,0.03475498746109547,0.03125,0.9929467084639498,0.8668372065269538,638,0.0,1.0
bxaic__P__gcn__seed42,bxaic,P,gcn,42,gradinput,0.05,0.04,0.0423878015155905,0.0560134724761788,0.04,0.0423878015155905,0.9665717461886812,0.0,True,True,0.04,0.0341657819901172,0.035633615148186935,657,0.04238780151559057,0.0560134724761788,0.05405405405405406,0.7105022850712506,0.6681144835556599,638,0.0,1.0
bxaic__P__gcn__seed42,bxaic,P,gcn,42,gradinput,0.1,0.02,0.1097649062474804,0.0365457382575857,0.02,0.1097649062474804,0.9274815943093282,0.0,False,True,0.02,0.09194353263652216,0.09332355766291041,657,0.10976490624748046,0.03654573825758572,0.03333333333333333,0.9612068965517241,0.8514419903042437,638,0.0,1.0
bxaic__P__gcn__seed42,bxaic,P,gcn,42,gradinput,0.2,0.01,0.1261095019369959,0.0347549874610954,0.01,0.1261095019369959,0.8137475244309407,0.0,True,True,0.01,0.11390814247381531,0.11525478663418944,657,0.12610950193699597,0.03475498746109547,0.03125,0.9929467084639498,0.8668372065269538,638,0.0,1.0
bxaic__P__gcn__seed42,bxaic,P,gcn,42,ig,0.05,0.04,0.0423878015155905,0.0560134724761788,0.04,0.0423878015155905,0.9665717461886812,0.0,True,True,0.04,0.0341657819901172,0.035633615148186935,657,0.04238780151559057,0.0560134724761788,0.05405405405405406,0.7105022850712506,0.6681144835556599,638,0.0,1.0
bxaic__P__gcn__seed42,bxaic,P,gcn,42,ig,0.1,0.02,0.1097649062474804,0.0365457382575857,0.02,0.1097649062474804,0.9274815943093282,0.0,False,True,0.02,0.09194353263652216,0.09332355766291041,657,0.10976490624748046,0.03654573825758572,0.03333333333333333,0.9612068965517241,0.8514419903042437,638,0.0,1.0
bxaic__P__gcn__seed42,bxaic,P,gcn,42,ig,0.2,0.01,0.1261095019369959,0.0347549874610954,0.01,0.1261095019369959,0.8137475244309407,0.0,True,True,0.01,0.11390814247381531,0.11525478663418944,657,0.12610950193699597,0.03475498746109547,0.03125,0.9929467084639498,0.8668372065269538,638,0.0,1.0
bxaic__P__gin__seed123,bxaic,P,gin,123,gradinput,0.05,0.04,0.0423878015155905,0.0560134724761788,0.04,0.0423878015155905,0.9569520123848,0.0,True,True,0.04,0.0341657819901172,0.035633615148186935,657,0.04238780151559057,0.0560134724761788,0.05405405405405406,0.7105022850712506,0.6681144835556599,638,0.0,1.0
bxaic__P__gin__seed123,bxaic,P,gin,123,gradinput,0.1,0.02,0.1128997024857249,0.0365457382575857,0.02,0.1128997024857249,0.9155993798160156,0.0,False,True,0.02,0.09194353263652216,0.09332355766291041,657,0.10976490624748046,0.03654573825758572,0.03333333333333333,0.9612068965517241,0.8514419903042437,638,0.0,1.0
bxaic__P__gin__seed123,bxaic,P,gin,123,gradinput,0.2,0.01,0.1292442981752404,0.0347549874610954,0.01,0.1292442981752404,0.8074985489100943,0.0,True,True,0.01,0.11390814247381531,0.11525478663418944,657,0.12610950193699597,0.03475498746109547,0.03125,0.9929467084639498,0.8668372065269538,638,0.0,1.0
bxaic__P__gin__seed123,bxaic,P,gin,123,ig,0.05,0.04,0.0423878015155905,0.0560134724761788,0.04,0.0423878015155905,0.9569520123848,0.0,True,True,0.04,0.0341657819901172,0.035633615148186935,657,0.04238780151559057,0.0560134724761788,0.05405405405405406,0.7105022850712506,0.6681144835556599,638,0.0,1.0
bxaic__P__gin__seed123,bxaic,P,gin,123,ig,0.1,0.02,0.1128997024857249,0.0365457382575857,0.02,0.1128997024857249,0.9155993798160156,0.0,False,True,0.02,0.09194353263652216,0.09332355766291041,657,0.10976490624748046,0.03654573825758572,0.03333333333333333,0.9612068965517241,0.8514419903042437,638,0.0,1.0
bxaic__P__gin__seed123,bxaic,P,gin,123,ig,0.2,0.01,0.1292442981752404,0.0347549874610954,0.01,0.1292442981752404,0.8074985489100943,0.0,True,True,0.01,0.11390814247381531,0.11525478663418944,657,0.12610950193699597,0.03475498746109547,0.03125,0.9929467084639498,0.8668372065269538,638,0.0,1.0
bxaic__P__gin__seed2026,bxaic,P,gin,2026,gradinput,0.05,0.04,0.0423878015155905,0.0560134724761788,0.04,0.0423878015155905,0.9569520123848,0.0,True,True,0.04,0.0341657819901172,0.035633615148186935,657,0.04238780151559057,0.0560134724761788,0.05405405405405406,0.7105022850712506,0.6681144835556599,638,0.0,1.0
bxaic__P__gin__seed2026,bxaic,P,gin,2026,gradinput,0.1,0.02,0.1097649062474804,0.0365457382575857,0.02,0.1097649062474804,0.9084086740208712,0.0,False,True,0.02,0.09194353263652216,0.09332355766291041,657,0.10976490624748046,0.03654573825758572,0.03333333333333333,0.9612068965517241,0.8514419903042437,638,0.0,1.0
bxaic__P__gin__seed2026,bxaic,P,gin,2026,gradinput,0.2,0.01,0.1261095019369959,0.0347549874610954,0.01,0.1261095019369959,0.8074985489100943,0.0,True,True,0.01,0.11390814247381531,0.11525478663418944,657,0.12610950193699597,0.03475498746109547,0.03125,0.9929467084639498,0.8668372065269538,638,0.0,1.0
bxaic__P__gin__seed2026,bxaic,P,gin,2026,ig,0.05,0.04,0.0423878015155905,0.0560134724761788,0.04,0.0423878015155905,0.9569520123848,0.0,True,True,0.04,0.0341657819901172,0.035633615148186935,657,0.04238780151559057,0.0560134724761788,0.05405405405405406,0.7105022850712506,0.6681144835556599,638,0.0,1.0
bxaic__P__gin__seed2026,bxaic,P,gin,2026,ig,0.1,0.02,0.1097649062474804,0.0365457382575857,0.02,0.1097649062474804,0.9084086740208712,0.0,False,True,0.02,0.09194353263652216,0.09332355766291041,657,0.10976490624748046,0.03654573825758572,0.03333333333333333,0.9612068965517241,0.8514419903042437,638,0.0,1.0
bxaic__P__gin__seed2026,bxaic,P,gin,2026,ig,0.2,0.01,0.1261095019369959,0.0347549874610954,0.01,0.1261095019369959,0.8074985489100943,0.0,True,True,0.01,0.11390814247381531,0.11525478663418944,657,0.12610950193699597,0.03475498746109547,0.03125,0.9929467084639498,0.8668372065269538,638,0.0,1.0
bxaic__P__gin__seed42,bxaic,P,gin,42,gradinput,0.05,0.04,0.0423878015155905,0.0560134724761788,0.04,0.0423878015155905,0.9665717461886812,0.0,True,True,0.04,0.0341657819901172,0.035633615148186935,657,0.04238780151559057,0.0560134724761788,0.05405405405405406,0.7105022850712506,0.6681144835556599,638,0.0,1.0
bxaic__P__gin__seed42,bxaic,P,gin,42,gradinput,0.1,0.02,0.1128997024857249,0.0365457382575857,0.02,0.1128997024857249,0.9274815943093282,0.0,False,True,0.02,0.09194353263652216,0.09332355766291041,657,0.10976490624748046,0.03654573825758572,0.03333333333333333,0.9612068965517241,0.8514419903042437,638,0.0,1.0
bxaic__P__gin__seed42,bxaic,P,gin,42,gradinput,0.2,0.01,0.1292442981752404,0.0347549874610954,0.01,0.1292442981752404,0.8137475244309407,0.0,True,True,0.01,0.11390814247381531,0.11525478663418944,657,0.12610950193699597,0.03475498746109547,0.03125,0.9929467084639498,0.8668372065269538,638,0.0,1.0
bxaic__P__gin__seed42,bxaic,P,gin,42,ig,0.05,0.04,0.0423878015155905,0.0560134724761788,0.04,0.0423878015155905,0.9665717461886812,0.0,True,True,0.04,0.0341657819901172,0.035633615148186935,657,0.04238780151559057,0.0560134724761788,0.05405405405405406,0.7105022850712506,0.6681144835556599,638,0.0,1.0
bxaic__P__gin__seed42,bxaic,P,gin,42,ig,0.1,0.02,0.1097649062474804,0.0365457382575857,0.02,0.1097649062474804,0.9274815943093282,0.0,False,True,0.02,0.09194353263652216,0.09332355766291041,657,0.10976490624748046,0.03654573825758572,0.03333333333333333,0.9612068965517241,0.8514419903042437,638,0.0,1.0
bxaic__P__gin__seed42,bxaic,P,gin,42,ig,0.2,0.01,0.1261095019369959,0.0347549874610954,0.01,0.1261095019369959,0.8137475244309407,0.0,True,True,0.01,0.11390814247381531,0.11525478663418944,657,0.12610950193699597,0.03475498746109547,0.03125,0.9929467084639498,0.8668372065269538,638,0.0,1.0
bxaic__PAINS__gcn__seed123,bxaic,PAINS,gcn,123,gradinput,0.05,0.94,0.041011763462845,0.9576176765857716,0.94,0.041011763462845,0.9576176765857716,0.0,True,False,0.4,0.0466444309362147,0.04723075047438435,1625,0.04595237484568375,0.41477609984134833,0.41379310344827586,0.759077822851711,0.7131254480060274,1644,0.5399999999999999,0.031594544659420805
bxaic__PAINS__gcn__seed123,bxaic,PAINS,gcn,123,gradinput,0.1,0.89,0.0957696367424396,0.9091218677307265,0.89,0.0957696367424396,0.9091218677307265,0.0,True,False,0.33,0.09700654338737216,0.09756188991665445,1625,0.096300381249768,0.3455370467368918,0.3448275862068966,0.8426985280421067,0.7463981467923387,1644,0.56,0.03301872852022488
bxaic__PAINS__gcn__seed123,bxaic,PAINS,gcn,123,gradinput,0.2,0.8,0.1956617947862849,0.8149319138164086,0.8,0.1956617947862849,0.8085992408466761,0.0,True,False,0.26,0.19173390312509148,0.1922309917455561,1625,0.1917463801031757,0.2782687393194119,0.2777777777777778,0.9063790826222242,0.7146327025190484,1644,0.54,0.015674904750878807
bxaic__PAINS__gcn__seed123,bxaic,PAINS,gcn,123,ig,0.05,0.92,0.0428976273526749,0.9380635432447604,0.92,0.0428976273526749,0.9576176765857716,0.0,True,False,0.4,0.0466444309362147,0.04723075047438435,1625,0.04595237484568375,0.41477609984134833,0.41379310344827586,0.759077822851711,0.7131254480060274,1644,0.52,0.06746141337573838
bxaic__PAINS__gcn__seed123,bxaic,PAINS,gcn,123,ig,0.1,0.86,0.0886264400404617,0.8782821505199192,0.86,0.0886264400404617,0.9091218677307265,0.0,True,False,0.33,0.09700654338737216,0.09756188991665445,1625,0.096300381249768,0.3455370467368918,0.3448275862068966,0.8426985280421067,0.7463981467923387,1644,0.53,0.08482129663521289
bxaic__PAINS__gcn__seed123,bxaic,PAINS,gcn,123,ig,0.2,0.73,0.1929290403522624,0.7480814401090432,0.73,0.1929290403522624,0.8085992408466761,0.0,True,True,0.26,0.19173390312509148,0.1922309917455561,1625,0.1917463801031757,0.2782687393194119,0.2777777777777778,0.9063790826222242,0.7146327025190484,1644,0.47,0.1432726022831724
bxaic__PAINS__gcn__seed2026,bxaic,PAINS,gcn,2026,gradinput,0.05,0.93,0.046817146911601,0.9485539954456153,0.93,0.046817146911601,0.9576176765857716,0.0,True,False,0.4,0.0466444309362147,0.04723075047438435,1625,0.04595237484568375,0.41477609984134833,0.41379310344827586,0.759077822851711,0.7131254480060274,1644,0.53,0.04952797901757949
bxaic__PAINS__gcn__seed2026,bxaic,PAINS,gcn,2026,gradinput,0.1,0.88,0.0984274178653966,0.8975096610559893,0.88,0.0984274178653966,0.9091218677307265,0.0,True,False,0.33,0.09700654338737216,0.09756188991665445,1625,0.096300381249768,0.3455370467368918,0.3448275862068966,0.8426985280421067,0.7463981467923387,1644,0.55,0.05028625122522089
bxaic__PAINS__gcn__seed2026,bxaic,PAINS,gcn,2026,gradinput,0.2,0.79,0.1898926940172476,0.8085992408466761,0.79,0.1898926940172476,0.8085992408466761,0.0,True,False,0.26,0.19173390312509148,0.1922309917455561,1625,0.1917463801031757,0.2782687393194119,0.2777777777777778,0.9063790826222242,0.7146327025190484,1644,0.53,0.03390314725549218
bxaic__PAINS__gcn__seed2026,bxaic,PAINS,gcn,2026,ig,0.05,0.9,0.0469790931793556,0.9157370192095664,0.9,0.0469790931793556,0.9576176765857716,0.0,True,False,0.4,0.0466444309362147,0.04723075047438435,1625,0.04595237484568375,0.41477609984134833,0.41379310344827586,0.759077822851711,0.7131254480060274,1644,0.5,0.10332828209205618
bxaic__PAINS__gcn__seed2026,bxaic,PAINS,gcn,2026,ig,0.1,0.8300000000000001,0.0958013357071782,0.8488238590750994,0.8300000000000001,0.0958013357071782,0.9091218677307265,0.0,True,False,0.33,0.09700654338737216,0.09756188991665445,1625,0.096300381249768,0.3455370467368918,0.3448275862068966,0.8426985280421067,0.7463981467923387,1644,0.5,0.1366238647502007
bxaic__PAINS__gcn__seed2026,bxaic,PAINS,gcn,2026,ig,0.2,0.72,0.1941034548408181,0.7376837897989358,0.72,0.1941034548408181,0.8085992408466761,0.0,True,True,0.26,0.19173390312509148,0.1922309917455561,1625,0.1917463801031757,0.2782687393194119,0.2777777777777778,0.9063790826222242,0.7146327025190484,1644,0.45999999999999996,0.16150084478778576
bxaic__PAINS__gcn__seed42,bxaic,PAINS,gcn,42,gradinput,0.05,0.94,0.0446333737564444,0.9576176765857716,0.94,0.0446333737564444,0.9485539954456153,0.0,True,False,0.4,0.0466444309362147,0.04723075047438435,1625,0.04595237484568375,0.41477609984134833,0.41379310344827586,0.759077822851711,0.7131254480060274,1644,0.5399999999999999,0.015593716419231449
bxaic__PAINS__gcn__seed42,bxaic,PAINS,gcn,42,gradinput,0.1,0.89,0.0993197759423381,0.9091218677307265,0.89,0.0993197759423381,0.8975096610559893,0.0,True,False,0.33,0.09700654338737216,0.09756188991665445,1625,0.096300381249768,0.3455370467368918,0.3448275862068966,0.8426985280421067,0.7463981467923387,1644,0.56,0.013232657646771553
bxaic__PAINS__gcn__seed42,bxaic,PAINS,gcn,42,gradinput,0.2,0.81,0.1857484349328107,0.8288222076854092,0.81,0.1857484349328107,0.8085992408466761,0.0,True,False,0.26,0.19173390312509148,0.1922309917455561,1625,0.1917463801031757,0.2782687393194119,0.2777777777777778,0.9063790826222242,0.7146327025190484,1644,0.55,-0.0025533377537345628
bxaic__PAINS__gcn__seed42,bxaic,PAINS,gcn,42,ig,0.05,0.94,0.0479667774149113,0.9576176765857716,0.94,0.0479667774149113,0.9485539954456153,0.0,True,False,0.4,0.0466444309362147,0.04723075047438435,1625,0.04595237484568375,0.41477609984134833,0.41379310344827586,0.759077822851711,0.7131254480060274,1644,0.5399999999999999,0.015593716419231449
bxaic__PAINS__gcn__seed42,bxaic,PAINS,gcn,42,ig,0.1,0.89,0.0973045327452572,0.9091218677307265,0.89,0.0973045327452572,0.8975096610559893,0.0,True,False,0.33,0.09700654338737216,0.09756188991665445,1625,0.096300381249768,0.3455370467368918,0.3448275862068966,0.8426985280421067,0.7463981467923387,1644,0.56,0.013232657646771553
bxaic__PAINS__gcn__seed42,bxaic,PAINS,gcn,42,ig,0.2,0.77,0.2025901444398695,0.7885640718930422,0.77,0.2025901444398695,0.8085992408466761,0.0,False,True,0.26,0.19173390312509148,0.1922309917455561,1625,0.1917463801031757,0.2782687393194119,0.2777777777777778,0.9063790826222242,0.7146327025190484,1644,0.51,0.07035963226471892
bxaic__PAINS__gin__seed123,bxaic,PAINS,gin,123,gradinput,0.05,0.96,0.0476551065659574,0.9776360379657538,0.96,0.0476551065659574,0.9576176765857716,0.0,True,False,0.4,0.0466444309362147,0.04723075047438435,1625,0.04595237484568375,0.41477609984134833,0.41379310344827586,0.759077822851711,0.7131254480060274,1644,0.5599999999999999,-0.004272324056896983
bxaic__PAINS__gin__seed123,bxaic,PAINS,gin,123,gradinput,0.1,0.94,0.0850178819165395,0.9576176765857716,0.94,0.0850178819165395,0.9091218677307265,0.0,True,False,0.33,0.09700654338737216,0.09756188991665445,1625,0.096300381249768,0.3455370467368918,0.3448275862068966,0.8426985280421067,0.7463981467923387,1644,0.6099999999999999,-0.05331888500475493
bxaic__PAINS__gin__seed123,bxaic,PAINS,gin,123,gradinput,0.2,0.87,0.1899895921872473,0.888724311517938,0.87,0.1899895921872473,0.8085992408466761,0.0,True,False,0.26,0.19173390312509148,0.1922309917455561,1625,0.1917463801031757,0.2782687393194119,0.2777777777777778,0.9063790826222242,0.7146327025190484,1644,0.61,-0.11192279278141458
bxaic__PAINS__gin__seed123,bxaic,PAINS,gin,123,ig,0.05,0.89,0.0487361873799468,0.9091218677307265,0.89,0.0487361873799468,0.9576176765857716,0.0,True,False,0.4,0.0466444309362147,0.04723075047438435,1625,0.04595237484568375,0.41477609984134833,0.41379310344827586,0.759077822851711,0.7131254480060274,1644,0.49,0.12126171645021507
bxaic__PAINS__gin__seed123,bxaic,PAINS,gin,123,ig,0.1,0.8,0.0977704662515104,0.8149319138164086,0.8,0.0977704662515104,0.9091218677307265,0.0,True,False,0.33,0.09700654338737216,0.09756188991665445,1625,0.096300381249768,0.3455370467368918,0.3448275862068966,0.8426985280421067,0.7463981467923387,1644,0.47000000000000003,0.1884264328651887
bxaic__PAINS__gin__seed123,bxaic,PAINS,gin,123,ig,0.2,0.62,0.1932415149147892,0.6384061278452975,0.62,0.1932415149147892,0.8085992408466761,0.0,True,True,0.26,0.19173390312509148,0.1922309917455561,1625,0.1917463801031757,0.2782687393194119,0.2777777777777778,0.9063790826222242,0.7146327025190484,1644,0.36,0.34378326983391927
bxaic__PAINS__gin__seed2026,bxaic,PAINS,gin,2026,gradinput,0.05,0.97,0.0176816672345375,0.99311715273399,0.97,0.0176816672345375,0.9576176765857716,0.0,True,False,0.4,0.0466444309362147,0.04723075047438435,1625,0.04595237484568375,0.41477609984134833,0.41379310344827586,0.759077822851711,0.7131254480060274,1644,0.57,-0.022205758415055874
bxaic__PAINS__gin__seed2026,bxaic,PAINS,gin,2026,gradinput,0.1,0.94,0.0838261015186042,0.9576176765857716,0.94,0.0838261015186042,0.9091218677307265,0.0,True,False,0.33,0.09700654338737216,0.09756188991665445,1625,0.096300381249768,0.3455370467368918,0.3448275862068966,0.8426985280421067,0.7463981467923387,1644,0.6099999999999999,-0.05331888500475493
bxaic__PAINS__gin__seed2026,bxaic,PAINS,gin,2026,gradinput,0.2,0.88,0.1872264465508474,0.8975096610559893,0.88,0.1872264465508474,0.8085992408466761,0.0,True,False,0.26,0.19173390312509148,0.1922309917455561,1625,0.1917463801031757,0.2782687393194119,0.2777777777777778,0.9063790826222242,0.7146327025190484,1644,0.62,-0.13015103528602795
bxaic__PAINS__gin__seed2026,bxaic,PAINS,gin,2026,ig,0.05,0.86,0.0461726249976444,0.8782821505199192,0.86,0.0461726249976444,0.9576176765857716,0.0,True,False,0.4,0.0466444309362147,0.04723075047438435,1625,0.04595237484568375,0.41477609984134833,0.41379310344827586,0.759077822851711,0.7131254480060274,1644,0.45999999999999996,0.17506201952469175
bxaic__PAINS__gin__seed2026,bxaic,PAINS,gin,2026,ig,0.1,0.74,0.0963529289767679,0.75809815428355,0.74,0.0963529289767679,0.9091218677307265,0.0,True,True,0.33,0.09700654338737216,0.09756188991665445,1625,0.096300381249768,0.3455370467368918,0.3448275862068966,0.8426985280421067,0.7463981467923387,1644,0.41,0.2920315690951647
bxaic__PAINS__gin__seed2026,bxaic,PAINS,gin,2026,ig,0.2,0.55,0.1934745148372029,0.5674997794069838,0.55,0.1934745148372029,0.8085992408466761,0.0,True,True,0.26,0.19173390312509148,0.1922309917455561,1625,0.1917463801031757,0.2782687393194119,0.2777777777777778,0.9063790826222242,0.7146327025190484,1644,0.29000000000000004,0.47138096736621266
bxaic__PAINS__gin__seed42,bxaic,PAINS,gin,42,gradinput,0.05,0.96,0.0461519215800545,0.9776360379657538,0.96,0.0461519215800545,0.9485539954456153,0.0,True,False,0.4,0.0466444309362147,0.04723075047438435,1625,0.04595237484568375,0.41477609984134833,0.41379310344827586,0.759077822851711,0.7131254480060274,1644,0.5599999999999999,-0.0208657755652415
bxaic__PAINS__gin__seed42,bxaic,PAINS,gin,42,gradinput,0.1,0.93,0.097590076394263,0.9485539954456153,0.93,0.097590076394263,0.8975096610559893,0.0,True,False,0.33,0.09700654338737216,0.09756188991665445,1625,0.096300381249768,0.3455370467368918,0.3448275862068966,0.8426985280421067,0.7463981467923387,1644,0.6000000000000001,-0.05725072394988768
bxaic__PAINS__gin__seed42,bxaic,PAINS,gin,42,gradinput,0.2,0.87,0.1891333924625192,0.888724311517938,0.87,0.1891333924625192,0.8085992408466761,0.0,True,False,0.26,0.19173390312509148,0.1922309917455561,1625,0.1917463801031757,0.2782687393194119,0.2777777777777778,0.9063790826222242,0.7146327025190484,1644,0.61,-0.11192279278141458
bxaic__PAINS__gin__seed42,bxaic,PAINS,gin,42,ig,0.05,0.93,0.0471564132173496,0.9485539954456153,0.93,0.0471564132173496,0.9485539954456153,0.0,True,False,0.4,0.0466444309362147,0.04723075047438435,1625,0.04595237484568375,0.41477609984134833,0.41379310344827586,0.759077822851711,0.7131254480060274,1644,0.53,0.03382346241146772
bxaic__PAINS__gin__seed42,bxaic,PAINS,gin,42,ig,0.1,0.84,0.10021768040983,0.8573713715364746,0.84,0.10021768040983,0.8975096610559893,0.0,False,False,0.33,0.09700654338737216,0.09756188991665445,1625,0.096300381249768,0.3455370467368918,0.3448275862068966,0.8426985280421067,0.7463981467923387,1644,0.51,0.10133688464259559
bxaic__PAINS__gin__seed42,bxaic,PAINS,gin,42,ig,0.2,0.61,0.1996400810578032,0.628566785665255,0.61,0.1996400810578032,0.8085992408466761,0.0,True,True,0.26,0.19173390312509148,0.1922309917455561,1625,0.1917463801031757,0.2782687393194119,0.2777777777777778,0.9063790826222242,0.7146327025190484,1644,0.35,0.3620115123385326
bxaic__rings-count__gcn__seed123,bxaic,rings-count,gcn,123,gradinput,0.05,0.93,0.0453607703294851,0.9473877485874485,0.93,0.0453607703294851,0.9571779041803892,0.0,True,False,0.67,0.04743987343305189,0.04763285563049267,4935,0.04601217394901069,0.6901920253936611,0.6875,0.8734766339608417,0.8274644600118309,4933,0.26,0.09463786657944784
bxaic__rings-count__gcn__seed123,bxaic,rings-count,gcn,123,gradinput,0.1,0.88,0.0927757386435866,0.8966978540680908,0.88,0.0927757386435866,0.9084471118578896,0.0,True,False,0.61,0.0897761368023761,0.08996054196104637,4935,0.08780356464039339,0.6277794572679153,0.625,0.9099283223771735,0.8221247577367802,4933,0.27,0.09531709548402387
bxaic__rings-count__gcn__seed123,bxaic,rings-count,gcn,123,gradinput,0.2,0.78,0.1937092871626025,0.7971579104548313,0.78,0.1937092871626025,0.807336124194903,0.0,True,True,0.51,0.18994357247449462,0.1901076843925503,4935,0.18791575977441774,0.5269290773454267,0.5238095238095238,0.9491057576777953,0.7611899979033775,4933,0.27,0.09193677448013075
bxaic__rings-count__gcn__seed123,bxaic,rings-count,gcn,123,ig,0.05,0.91,0.0494438178848419,0.9282105650069856,0.91,0.0494438178848419,0.9571779041803892,0.0,True,False,0.67,0.04743987343305189,0.04763285563049267,4935,0.04601217394901069,0.6901920253936611,0.6875,0.8734766339608417,0.8274644600118309,4933,0.24,0.16428110761179807
bxaic__rings-count__gcn__seed123,bxaic,rings-count,gcn,123,ig,0.1,0.86,0.097189238292311,0.8772717462941478,0.86,0.097189238292311,0.9084471118578896,0.0,True,False,0.61,0.0897761368023761,0.08996054196104637,4935,0.08780356464039339,0.6277794572679153,0.625,0.9099283223771735,0.8221247577367802,4933,0.25,0.1623306439666888
bxaic__rings-count__gcn__seed123,bxaic,rings-count,gcn,123,ig,0.2,0.77,0.1954818976062163,0.788029965494949,0.77,0.1954818976062163,0.807336124194903,0.0,True,True,0.51,0.18994357247449462,0.1901076843925503,4935,0.18791575977441774,0.5269290773454267,0.5238095238095238,0.9491057576777953,0.7611899979033775,4933,0.26,0.1255687457956815
bxaic__rings-count__gcn__seed2026,bxaic,rings-count,gcn,2026,gradinput,0.05,0.94,0.0490932089612864,0.9571779041803892,0.94,0.0490932089612864,0.9571779041803892,0.0,True,False,0.67,0.04743987343305189,0.04763285563049267,4935,0.04601217394901069,0.6901920253936611,0.6875,0.8734766339608417,0.8274644600118309,4933,0.2699999999999999,0.05981624606327311
bxaic__rings-count__gcn__seed2026,bxaic,rings-count,gcn,2026,gradinput,0.1,0.91,0.0852556938192245,0.9282105650069856,0.9,0.1013330885170764,0.9084471118578896,0.01,True,False,0.61,0.0897761368023761,0.08996054196104637,4935,0.08780356464039339,0.6277794572679153,0.625,0.9099283223771735,0.8221247577367802,4933,0.30000000000000004,-0.005203227239973566
bxaic__rings-count__gcn__seed2026,bxaic,rings-count,gcn,2026,gradinput,0.2,0.8200000000000001,0.1927760969343692,0.8372809697384443,0.8200000000000001,0.1927760969343692,0.807336124194903,0.0,True,False,0.51,0.18994357247449462,0.1901076843925503,4935,0.18791575977441774,0.5269290773454267,0.5238095238095238,0.9491057576777953,0.7611899979033775,4933,0.31000000000000005,-0.0425911107820722
bxaic__rings-count__gcn__seed2026,bxaic,rings-count,gcn,2026,ig,0.05,0.94,0.0425220287634681,0.9571779041803892,0.94,0.0425220287634681,0.9571779041803892,0.0,True,False,0.67,0.04743987343305189,0.04763285563049267,4935,0.04601217394901069,0.6901920253936611,0.6875,0.8734766339608417,0.8274644600118309,4933,0.2699999999999999,0.05981624606327311
bxaic__rings-count__gcn__seed2026,bxaic,rings-count,gcn,2026,ig,0.1,0.89,0.0923034634026344,0.9084471118578896,0.89,0.0923034634026344,0.9084471118578896,0.0,True,False,0.61,0.0897761368023761,0.08996054196104637,4935,0.08780356464039339,0.6277794572679153,0.625,0.9099283223771735,0.8221247577367802,4933,0.28,0.06181032124269139
bxaic__rings-count__gcn__seed2026,bxaic,rings-count,gcn,2026,ig,0.2,0.78,0.2013644546414471,0.7971579104548313,0.78,0.2013644546414471,0.807336124194903,0.0,False,True,0.51,0.18994357247449462,0.1901076843925503,4935,0.18791575977441774,0.5269290773454267,0.5238095238095238,0.9491057576777953,0.7611899979033775,4933,0.27,0.09193677448013075
bxaic__rings-count__gcn__seed42,bxaic,rings-count,gcn,42,gradinput,0.05,0.94,0.0415969590950688,0.9571779041803892,0.94,0.0415969590950688,0.9571779041803892,0.0,True,False,0.67,0.04743987343305189,0.04763285563049267,4935,0.04601217394901069,0.6901920253936611,0.6875,0.8734766339608417,0.8274644600118309,4933,0.2699999999999999,0.05981624606327311
bxaic__rings-count__gcn__seed42,bxaic,rings-count,gcn,42,gradinput,0.1,0.89,0.0928589086419125,0.9084471118578896,0.89,0.0928589086419125,0.9084471118578896,0.0,True,False,0.61,0.0897761368023761,0.08996054196104637,4935,0.08780356464039339,0.6277794572679153,0.625,0.9099283223771735,0.8221247577367802,4933,0.28,0.06181032124269139
bxaic__rings-count__gcn__seed42,bxaic,rings-count,gcn,42,gradinput,0.2,0.81,0.1830272975528062,0.8282350484191051,0.81,0.1830272975528062,0.807336124194903,0.0,True,False,0.51,0.18994357247449462,0.1901076843925503,4935,0.18791575977441774,0.5269290773454267,0.5238095238095238,0.9491057576777953,0.7611899979033775,4933,0.30000000000000004,-0.008959139466521463
bxaic__rings-count__gcn__seed42,bxaic,rings-count,gcn,42,ig,0.05,0.94,0.0453134509248121,0.9571779041803892,0.94,0.0453134509248121,0.9571779041803892,0.0,True,False,0.67,0.04743987343305189,0.04763285563049267,4935,0.04601217394901069,0.6901920253936611,0.6875,0.8734766339608417,0.8274644600118309,4933,0.2699999999999999,0.05981624606327311
bxaic__rings-count__gcn__seed42,bxaic,rings-count,gcn,42,ig,0.1,0.89,0.099682117926628,0.9084471118578896,0.89,0.099682117926628,0.9084471118578896,0.0,True,False,0.61,0.0897761368023761,0.08996054196104637,4935,0.08780356464039339,0.6277794572679153,0.625,0.9099283223771735,0.8221247577367802,4933,0.28,0.06181032124269139
bxaic__rings-count__gcn__seed42,bxaic,rings-count,gcn,42,ig,0.2,0.79,0.2006906516601632,0.807336124194903,0.79,0.2006906516601632,0.807336124194903,0.0,False,False,0.51,0.18994357247449462,0.1901076843925503,4935,0.18791575977441774,0.5269290773454267,0.5238095238095238,0.9491057576777953,0.7611899979033775,4933,0.28,0.05830480316458002
bxaic__rings-count__gin__seed123,bxaic,rings-count,gin,123,gradinput,0.05,0.94,0.0436473140377441,0.9571779041803892,0.94,0.0436473140377441,0.9571779041803892,0.0,True,False,0.67,0.04743987343305189,0.04763285563049267,4935,0.04601217394901069,0.6901920253936611,0.6875,0.8734766339608417,0.8274644600118309,4933,0.2699999999999999,0.05981624606327311
bxaic__rings-count__gin__seed123,bxaic,rings-count,gin,123,gradinput,0.1,0.89,0.0961332083265786,0.9084471118578896,0.89,0.0961332083265786,0.9084471118578896,0.0,True,False,0.61,0.0897761368023761,0.08996054196104637,4935,0.08780356464039339,0.6277794572679153,0.625,0.9099283223771735,0.8221247577367802,4933,0.28,0.06181032124269139
bxaic__rings-count__gin__seed123,bxaic,rings-count,gin,123,gradinput,0.2,0.81,0.1855502745561187,0.8282350484191051,0.81,0.1855502745561187,0.807336124194903,0.0,True,False,0.51,0.18994357247449462,0.1901076843925503,4935,0.18791575977441774,0.5269290773454267,0.5238095238095238,0.9491057576777953,0.7611899979033775,4933,0.30000000000000004,-0.008959139466521463
bxaic__rings-count__gin__seed123,bxaic,rings-count,gin,123,ig,0.05,0.94,0.042238806918599,0.9571779041803892,0.94,0.042238806918599,0.9571779041803892,0.0,True,False,0.67,0.04743987343305189,0.04763285563049267,4935,0.04601217394901069,0.6901920253936611,0.6875,0.8734766339608417,0.8274644600118309,4933,0.2699999999999999,0.05981624606327311
bxaic__rings-count__gin__seed123,bxaic,rings-count,gin,123,ig,0.1,0.89,0.0918283153527798,0.9084471118578896,0.89,0.0918283153527798,0.9084471118578896,0.0,True,False,0.61,0.0897761368023761,0.08996054196104637,4935,0.08780356464039339,0.6277794572679153,0.625,0.9099283223771735,0.8221247577367802,4933,0.28,0.06181032124269139
bxaic__rings-count__gin__seed123,bxaic,rings-count,gin,123,ig,0.2,0.8,0.196273099410152,0.8137950848969696,0.8,0.196273099410152,0.807336124194903,0.0,True,False,0.51,0.18994357247449462,0.1901076843925503,4935,0.18791575977441774,0.5269290773454267,0.5238095238095238,0.9491057576777953,0.7611899979033775,4933,0.29000000000000004,0.024672831849029277
bxaic__rings-count__gin__seed2026,bxaic,rings-count,gin,2026,gradinput,0.05,0.94,0.0450576657082193,0.9571779041803892,0.94,0.0450576657082193,0.9571779041803892,0.0,True,False,0.67,0.04743987343305189,0.04763285563049267,4935,0.04601217394901069,0.6901920253936611,0.6875,0.8734766339608417,0.8274644600118309,4933,0.2699999999999999,0.05981624606327311
bxaic__rings-count__gin__seed2026,bxaic,rings-count,gin,2026,gradinput,0.1,0.9,0.0914995197334544,0.915205996412866,0.9,0.0914995197334544,0.9084471118578896,0.0,True,False,0.61,0.0897761368023761,0.08996054196104637,4935,0.08780356464039339,0.6277794572679153,0.625,0.9099283223771735,0.8221247577367802,4933,0.29000000000000004,0.02830354700135891
bxaic__rings-count__gin__seed2026,bxaic,rings-count,gin,2026,gradinput,0.2,0.81,0.1931410749091925,0.8282350484191051,0.81,0.1931410749091925,0.807336124194903,0.0,True,False,0.51,0.18994357247449462,0.1901076843925503,4935,0.18791575977441774,0.5269290773454267,0.5238095238095238,0.9491057576777953,0.7611899979033775,4933,0.30000000000000004,-0.008959139466521463
bxaic__rings-count__gin__seed2026,bxaic,rings-count,gin,2026,ig,0.05,0.94,0.0433870254658761,0.9571779041803892,0.94,0.0433870254658761,0.9571779041803892,0.0,True,False,0.67,0.04743987343305189,0.04763285563049267,4935,0.04601217394901069,0.6901920253936611,0.6875,0.8734766339608417,0.8274644600118309,4933,0.2699999999999999,0.05981624606327311
bxaic__rings-count__gin__seed2026,bxaic,rings-count,gin,2026,ig,0.1,0.9,0.0934265968985688,0.915205996412866,0.9,0.0934265968985688,0.9084471118578896,0.0,True,False,0.61,0.0897761368023761,0.08996054196104637,4935,0.08780356464039339,0.6277794572679153,0.625,0.9099283223771735,0.8221247577367802,4933,0.29000000000000004,0.02830354700135891
bxaic__rings-count__gin__seed2026,bxaic,rings-count,gin,2026,ig,0.2,0.81,0.1964359819287547,0.8282350484191051,0.81,0.1964359819287547,0.807336124194903,0.0,True,False,0.51,0.18994357247449462,0.1901076843925503,4935,0.18791575977441774,0.5269290773454267,0.5238095238095238,0.9491057576777953,0.7611899979033775,4933,0.30000000000000004,-0.008959139466521463
bxaic__rings-count__gin__seed42,bxaic,rings-count,gin,42,gradinput,0.05,0.94,0.0427851077822938,0.9571779041803892,0.94,0.0427851077822938,0.9571779041803892,0.0,True,False,0.67,0.04743987343305189,0.04763285563049267,4935,0.04601217394901069,0.6901920253936611,0.6875,0.8734766339608417,0.8274644600118309,4933,0.2699999999999999,0.05981624606327311
bxaic__rings-count__gin__seed42,bxaic,rings-count,gin,42,gradinput,0.1,0.89,0.0946094555782003,0.9084471118578896,0.89,0.0946094555782003,0.9084471118578896,0.0,True,False,0.61,0.0897761368023761,0.08996054196104637,4935,0.08780356464039339,0.6277794572679153,0.625,0.9099283223771735,0.8221247577367802,4933,0.28,0.06181032124269139
bxaic__rings-count__gin__seed42,bxaic,rings-count,gin,42,gradinput,0.2,0.8,0.1976397630455538,0.8137950848969696,0.8,0.1976397630455538,0.807336124194903,0.0,True,False,0.51,0.18994357247449462,0.1901076843925503,4935,0.18791575977441774,0.5269290773454267,0.5238095238095238,0.9491057576777953,0.7611899979033775,4933,0.29000000000000004,0.024672831849029277
bxaic__rings-count__gin__seed42,bxaic,rings-count,gin,42,ig,0.05,0.94,0.0452827972845441,0.9571779041803892,0.94,0.0452827972845441,0.9571779041803892,0.0,True,False,0.67,0.04743987343305189,0.04763285563049267,4935,0.04601217394901069,0.6901920253936611,0.6875,0.8734766339608417,0.8274644600118309,4933,0.2699999999999999,0.05981624606327311
bxaic__rings-count__gin__seed42,bxaic,rings-count,gin,42,ig,0.1,0.9,0.0941799224407364,0.915205996412866,0.9,0.0941799224407364,0.9084471118578896,0.0,True,False,0.61,0.0897761368023761,0.08996054196104637,4935,0.08780356464039339,0.6277794572679153,0.625,0.9099283223771735,0.8221247577367802,4933,0.29000000000000004,0.02830354700135891
bxaic__rings-count__gin__seed42,bxaic,rings-count,gin,42,ig,0.2,0.81,0.1973407693262567,0.8282350484191051,0.81,0.1973407693262567,0.807336124194903,0.0,True,False,0.51,0.18994357247449462,0.1901076843925503,4935,0.18791575977441774,0.5269290773454267,0.5238095238095238,0.9491057576777953,0.7611899979033775,4933,0.30000000000000004,-0.008959139466521463
bxaic__rings-max__gcn__seed123,bxaic,rings-max,gcn,123,gradinput,0.05,0.94,0.0431101119150759,0.9522828292781326,0.93,0.0529636199435923,0.9611511715338094,0.01,True,False,0.32,0.04329902952689499,0.04650943546807992,297,0.029504713752498895,0.33214832055553567,0.32967032967032966,0.7713442370792205,0.7418395233267215,277,0.6199999999999999,0.032989367364345615
bxaic__rings-max__gcn__seed123,bxaic,rings-max,gcn,123,gradinput,0.1,0.9,0.0885172217278208,0.9101407650316404,0.89,0.0966218352372327,0.9026685530504264,0.01,True,False,0.27,0.09237590811641701,0.0954216265455565,297,0.07382386962530511,0.2818605783877526,0.2777777777777778,0.8519411004996686,0.7781172308743637,277,0.63,0.004217932181961401
bxaic__rings-max__gcn__seed123,bxaic,rings-max,gcn,123,gradinput,0.2,0.75,0.1888626817067881,0.7587833363641836,0.74,0.1918055080868176,0.8031415724851435,0.01,True,True,0.21,0.18722118061293955,0.18994862631558065,297,0.1742916351594168,0.2219149590155077,0.21875,0.936325830942656,0.762034195783239,277,0.54,0.08959340391955842
bxaic__rings-max__gcn__seed123,bxaic,rings-max,gcn,123,ig,0.05,0.95,0.0427131151903236,0.9611511715338094,0.95,0.0427131151903236,0.9611511715338094,0.0,True,False,0.32,0.04329902952689499,0.04650943546807992,297,0.029504713752498895,0.33214832055553567,0.32967032967032966,0.7713442370792205,0.7418395233267215,277,0.6299999999999999,0.017392421676673757
bxaic__rings-max__gcn__seed123,bxaic,rings-max,gcn,123,ig,0.1,0.91,0.0910966984479162,0.9234847698070427,0.9,0.1023218289374649,0.9026685530504264,0.01,True,False,0.27,0.09237590811641701,0.0954216265455565,297,0.07382386962530511,0.2818605783877526,0.2777777777777778,0.8519411004996686,0.7781172308743637,277,0.64,-0.011588132386578907
bxaic__rings-max__gcn__seed123,bxaic,rings-max,gcn,123,ig,0.2,0.76,0.1880490397080842,0.7722412088975928,0.76,0.1880490397080842,0.8031415724851435,0.0,True,True,0.21,0.18722118061293955,0.18994862631558065,297,0.1742916351594168,0.2219149590155077,0.21875,0.936325830942656,0.762034195783239,277,0.55,0.07273402251066134
bxaic__rings-max__gcn__seed2026,bxaic,rings-max,gcn,2026,gradinput,0.05,0.94,0.0417963666764612,0.9522828292781326,0.94,0.0417963666764612,0.9522828292781326,0.0,True,False,0.32,0.04329902952689499,0.04650943546807992,297,0.029504713752498895,0.33214832055553567,0.32967032967032966,0.7713442370792205,0.7418395233267215,277,0.6199999999999999,0.019426162959629532
bxaic__rings-max__gcn__seed2026,bxaic,rings-max,gcn,2026,gradinput,0.1,0.9,0.0889605242754416,0.9101407650316404,0.9,0.0889605242754416,0.9101407650316404,0.0,True,False,0.27,0.09237590811641701,0.0954216265455565,297,0.07382386962530511,0.2818605783877526,0.2777777777777778,0.8519411004996686,0.7781172308743637,277,0.63,0.01584146110604154
bxaic__rings-max__gcn__seed2026,bxaic,rings-max,gcn,2026,gradinput,0.2,0.81,0.1865078812805784,0.8221096957600588,0.81,0.1865078812805784,0.8103803802045462,0.0,True,False,0.21,0.18722118061293955,0.18994862631558065,297,0.1742916351594168,0.2219149590155077,0.21875,0.936325830942656,0.762034195783239,277,0.6000000000000001,0.0006335653480490525
bxaic__rings-max__gcn__seed2026,bxaic,rings-max,gcn,2026,ig,0.05,0.91,0.037604298088109,0.9234847698070427,0.91,0.037604298088109,0.9522828292781326,0.0,True,False,0.32,0.04329902952689499,0.04650943546807992,297,0.029504713752498895,0.33214832055553567,0.32967032967032966,0.7713442370792205,0.7418395233267215,277,0.5900000000000001,0.0668732841067441
bxaic__rings-max__gcn__seed2026,bxaic,rings-max,gcn,2026,ig,0.1,0.87,0.0837812893650215,0.8831394062523965,0.86,0.098499450907963,0.9101407650316404,0.01,True,False,0.27,0.09237590811641701,0.0954216265455565,297,0.07382386962530511,0.2818605783877526,0.2777777777777778,0.8519411004996686,0.7781172308743637,277,0.6,0.06270615343432531
bxaic__rings-max__gcn__seed2026,bxaic,rings-max,gcn,2026,ig,0.2,0.79,0.1810989173337769,0.8031415724851435,0.79,0.1810989173337769,0.8103803802045462,0.0,True,False,0.21,0.18722118061293955,0.18994862631558065,297,0.1742916351594168,0.2219149590155077,0.21875,0.936325830942656,0.762034195783239,277,0.5800000000000001,0.03394577983644744
bxaic__rings-max__gcn__seed42,bxaic,rings-max,gcn,42,gradinput,0.05,0.94,0.046286866350622,0.9522828292781326,0.94,0.046286866350622,0.9611511715338094,0.0,True,False,0.32,0.04329902952689499,0.04650943546807992,297,0.029504713752498895,0.33214832055553567,0.32967032967032966,0.7713442370792205,0.7418395233267215,277,0.6199999999999999,0.032989367364345615
bxaic__rings-max__gcn__seed42,bxaic,rings-max,gcn,42,gradinput,0.1,0.9,0.0948870730361377,0.9101407650316404,0.9,0.0948870730361377,0.9101407650316404,0.0,True,False,0.27,0.09237590811641701,0.0954216265455565,297,0.07382386962530511,0.2818605783877526,0.2777777777777778,0.8519411004996686,0.7781172308743637,277,0.63,0.01584146110604154
bxaic__rings-max__gcn__seed42,bxaic,rings-max,gcn,42,gradinput,0.2,0.79,0.1823665578565829,0.8031415724851435,0.78,0.1915800517216424,0.8103803802045462,0.01,True,False,0.21,0.18722118061293955,0.18994862631558065,297,0.1742916351594168,0.2219149590155077,0.21875,0.936325830942656,0.762034195783239,277,0.5800000000000001,0.03394577983644744
bxaic__rings-max__gcn__seed42,bxaic,rings-max,gcn,42,ig,0.05,0.95,0.0502348858003402,0.9611511715338094,0.95,0.0502348858003402,0.9611511715338094,0.0,False,False,0.32,0.04329902952689499,0.04650943546807992,297,0.029504713752498895,0.33214832055553567,0.32967032967032966,0.7713442370792205,0.7418395233267215,277,0.6299999999999999,0.017392421676673757
bxaic__rings-max__gcn__seed42,bxaic,rings-max,gcn,42,ig,0.1,0.92,0.0874985845798144,0.93310042311993,0.91,0.1014617137803929,0.9101407650316404,0.01,True,False,0.27,0.09237590811641701,0.0954216265455565,297,0.07382386962530511,0.2818605783877526,0.2777777777777778,0.8519411004996686,0.7781172308743637,277,0.65,-0.01540166711281431
bxaic__rings-max__gcn__seed42,bxaic,rings-max,gcn,42,ig,0.2,0.75,0.1980430805411494,0.7587833363641836,0.74,0.199997123289416,0.8103803802045462,0.01,True,True,0.21,0.18722118061293955,0.18994862631558065,297,0.1742916351594168,0.2219149590155077,0.21875,0.936325830942656,0.762034195783239,277,0.54,0.10057020881324422
bxaic__rings-max__gin__seed123,bxaic,rings-max,gin,123,gradinput,0.05,0.95,0.0506642639528286,0.9611511715338094,0.95,0.0506642639528286,0.9611511715338094,0.0,False,False,0.32,0.04329902952689499,0.04650943546807992,297,0.029504713752498895,0.33214832055553567,0.32967032967032966,0.7713442370792205,0.7418395233267215,277,0.6299999999999999,0.017392421676673757
bxaic__rings-max__gin__seed123,bxaic,rings-max,gin,123,gradinput,0.1,0.91,0.0971703556572489,0.9234847698070427,0.91,0.0971703556572489,0.9026685530504264,0.0,True,False,0.27,0.09237590811641701,0.0954216265455565,297,0.07382386962530511,0.2818605783877526,0.2777777777777778,0.8519411004996686,0.7781172308743637,277,0.64,-0.011588132386578907
bxaic__rings-max__gin__seed123,bxaic,rings-max,gin,123,gradinput,0.2,0.79,0.2127767762608498,0.8031415724851435,0.79,0.2127767762608498,0.8031415724851435,0.0,False,False,0.21,0.18722118061293955,0.18994862631558065,297,0.1742916351594168,0.2219149590155077,0.21875,0.936325830942656,0.762034195783239,277,0.5800000000000001,0.022155878283970105
bxaic__rings-max__gin__seed123,bxaic,rings-max,gin,123,ig,0.05,0.96,0.0451529640086548,0.9726840117864036,0.96,0.0451529640086548,0.9611511715338094,0.0,True,False,0.32,0.04329902952689499,0.04650943546807992,297,0.029504713752498895,0.33214832055553567,0.32967032967032966,0.7713442370792205,0.7418395233267215,277,0.6399999999999999,0.0017954759890018979
bxaic__rings-max__gin__seed123,bxaic,rings-max,gin,123,ig,0.1,0.93,0.0976589238473058,0.9416332553306368,0.93,0.0976589238473058,0.9026685530504264,0.0,True,False,0.27,0.09237590811641701,0.0954216265455565,297,0.07382386962530511,0.2818605783877526,0.2777777777777778,0.8519411004996686,0.7781172308743637,277,0.66,-0.04320026152365952
bxaic__rings-max__gin__seed123,bxaic,rings-max,gin,123,ig,0.2,0.81,0.1980217375125351,0.8221096957600588,0.81,0.1980217375125351,0.8031415724851435,0.0,True,False,0.21,0.18722118061293955,0.18994862631558065,297,0.1742916351594168,0.2219149590155077,0.21875,0.936325830942656,0.762034195783239,277,0.6000000000000001,-0.011562884533824057
bxaic__rings-max__gin__seed2026,bxaic,rings-max,gin,2026,gradinput,0.05,0.96,0.0358188390547792,0.9726840117864036,0.96,0.0358188390547792,0.9522828292781326,0.0,True,False,0.32,0.04329902952689499,0.04650943546807992,297,0.029504713752498895,0.33214832055553567,0.32967032967032966,0.7713442370792205,0.7418395233267215,277,0.6399999999999999,-0.012205251138446963
bxaic__rings-max__gin__seed2026,bxaic,rings-max,gin,2026,gradinput,0.1,0.92,0.0883316423615617,0.93310042311993,0.92,0.0883316423615617,0.9101407650316404,0.0,True,False,0.27,0.09237590811641701,0.0954216265455565,297,0.07382386962530511,0.2818605783877526,0.2777777777777778,0.8519411004996686,0.7781172308743637,277,0.65,-0.01540166711281431
bxaic__rings-max__gin__seed2026,bxaic,rings-max,gin,2026,gradinput,0.2,0.84,0.1751916771914878,0.8519921301052331,0.8300000000000001,0.1826115228528453,0.8103803802045462,0.0099999999999998,True,False,0.21,0.18722118061293955,0.18994862631558065,297,0.1742916351594168,0.2219149590155077,0.21875,0.936325830942656,0.762034195783239,277,0.63,-0.049334756384548345
bxaic__rings-max__gin__seed2026,bxaic,rings-max,gin,2026,ig,0.05,0.95,0.0357791324376755,0.9611511715338094,0.95,0.0357791324376755,0.9522828292781326,0.0,True,False,0.32,0.04329902952689499,0.04650943546807992,297,0.029504713752498895,0.33214832055553567,0.32967032967032966,0.7713442370792205,0.7418395233267215,277,0.6299999999999999,0.003610455910591285
bxaic__rings-max__gin__seed2026,bxaic,rings-max,gin,2026,ig,0.1,0.91,0.0885167967924274,0.9234847698070427,0.91,0.0885167967924274,0.9101407650316404,0.0,True,False,0.27,0.09237590811641701,0.0954216265455565,297,0.07382386962530511,0.2818605783877526,0.2777777777777778,0.8519411004996686,0.7781172308743637,277,0.64,0.00021989699661361517
bxaic__rings-max__gin__seed2026,bxaic,rings-max,gin,2026,ig,0.2,0.8300000000000001,0.1888401641330676,0.843407121398564,0.8300000000000001,0.1888401641330676,0.8103803802045462,0.0,True,False,0.21,0.18722118061293955,0.18994862631558065,297,0.1742916351594168,0.2219149590155077,0.21875,0.936325830942656,0.762034195783239,277,0.6200000000000001,-0.03267864914034934
bxaic__rings-max__gin__seed42,bxaic,rings-max,gin,42,gradinput,0.05,0.97,0.0287985221182812,0.9844822175393216,0.97,0.0287985221182812,0.9611511715338094,0.0,True,False,0.32,0.04329902952689499,0.04650943546807992,297,0.029504713752498895,0.33214832055553567,0.32967032967032966,0.7713442370792205,0.7418395233267215,277,0.6499999999999999,-0.01380146969866996
bxaic__rings-max__gin__seed42,bxaic,rings-max,gin,42,gradinput,0.1,0.94,0.0824161707487337,0.9522828292781326,0.94,0.0824161707487337,0.9101407650316404,0.0,True,False,0.27,0.09237590811641701,0.0954216265455565,297,0.07382386962530511,0.2818605783877526,0.2777777777777778,0.8519411004996686,0.7781172308743637,277,0.6699999999999999,-0.046644795331669986
bxaic__rings-max__gin__seed42,bxaic,rings-max,gin,42,gradinput,0.2,0.87,0.1795005280483485,0.8831394062523965,0.87,0.1795005280483485,0.8103803802045462,0.0,True,False,0.21,0.18722118061293955,0.18994862631558065,297,0.1742916351594168,0.2219149590155077,0.21875,0.936325830942656,0.762034195783239,277,0.66,-0.09930307811714593
bxaic__rings-max__gin__seed42,bxaic,rings-max,gin,42,ig,0.05,0.96,0.0486210577239634,0.9726840117864036,0.96,0.0486210577239634,0.9611511715338094,0.0,True,False,0.32,0.04329902952689499,0.04650943546807992,297,0.029504713752498895,0.33214832055553567,0.32967032967032966,0.7713442370792205,0.7418395233267215,277,0.6399999999999999,0.0017954759890018979
bxaic__rings-max__gin__seed42,bxaic,rings-max,gin,42,ig,0.1,0.93,0.0999492544118747,0.9416332553306368,0.93,0.0999492544118747,0.9101407650316404,0.0,True,False,0.27,0.09237590811641701,0.0954216265455565,297,0.07382386962530511,0.2818605783877526,0.2777777777777778,0.8519411004996686,0.7781172308743637,277,0.66,-0.031023231222242237
bxaic__rings-max__gin__seed42,bxaic,rings-max,gin,42,ig,0.2,0.87,0.1954754427088589,0.8831394062523965,0.87,0.1954754427088589,0.8103803802045462,0.0,True,False,0.21,0.18722118061293955,0.18994862631558065,297,0.1742916351594168,0.2219149590155077,0.21875,0.936325830942656,0.762034195783239,277,0.66,-0.09930307811714593
bxaic__X__gcn__seed123,bxaic,X,gcn,123,gradinput,0.05,0.07,0.0471796148178146,0.0880659152983921,0.07,0.0471796148178146,0.9579065352268668,0.0,True,True,0.07,0.04433059403211357,0.04467622492034782,2764,0.04717961481781467,0.08806591529839215,0.08695652173913043,0.6167122391701824,0.5695326243523676,2822,0.0,1.0
bxaic__X__gcn__seed123,bxaic,X,gcn,123,gradinput,0.1,0.05,0.0921681122248096,0.0681479369393897,0.05,0.0921681122248096,0.9087783882831856,0.0,True,True,0.05,0.09172323294971631,0.09205172364304394,2764,0.09216811222480963,0.06814793693938972,0.06666666666666667,0.7275108622380061,0.6353427500131965,2822,0.0,1.0
bxaic__X__gcn__seed123,bxaic,X,gcn,123,gradinput,0.2,0.03,0.1982543619857581,0.0432521799187031,0.03,0.1982543619857581,0.8074700713056333,0.0,True,True,0.03,0.19453604162359592,0.1948273486609837,2764,0.19825436198575816,0.0432521799187031,0.041666666666666664,0.9242765178360501,0.726022155850292,2822,0.0,1.0
bxaic__X__gcn__seed123,bxaic,X,gcn,123,ig,0.05,0.07,0.0471796148178146,0.0880659152983921,0.07,0.0471796148178146,0.9579065352268668,0.0,True,True,0.07,0.04433059403211357,0.04467622492034782,2764,0.04717961481781467,0.08806591529839215,0.08695652173913043,0.6167122391701824,0.5695326243523676,2822,0.0,1.0
bxaic__X__gcn__seed123,bxaic,X,gcn,123,ig,0.1,0.05,0.0921681122248096,0.0681479369393897,0.05,0.0921681122248096,0.9087783882831856,0.0,True,True,0.05,0.09172323294971631,0.09205172364304394,2764,0.09216811222480963,0.06814793693938972,0.06666666666666667,0.7275108622380061,0.6353427500131965,2822,0.0,1.0
bxaic__X__gcn__seed123,bxaic,X,gcn,123,ig,0.2,0.03,0.1982543619857581,0.0432521799187031,0.03,0.1982543619857581,0.8074700713056333,0.0,True,True,0.03,0.19453604162359592,0.1948273486609837,2764,0.19825436198575816,0.0432521799187031,0.041666666666666664,0.9242765178360501,0.726022155850292,2822,0.0,1.0
bxaic__X__gcn__seed2026,bxaic,X,gcn,2026,gradinput,0.05,0.07,0.0471796148178146,0.0880659152983921,0.07,0.0471796148178146,0.9579065352268668,0.0,True,True,0.07,0.04433059403211357,0.04467622492034782,2764,0.04717961481781467,0.08806591529839215,0.08695652173913043,0.6167122391701824,0.5695326243523676,2822,0.0,1.0
bxaic__X__gcn__seed2026,bxaic,X,gcn,2026,gradinput,0.1,0.05,0.0921681122248096,0.0681479369393897,0.05,0.0921681122248096,0.9087783882831856,0.0,True,True,0.05,0.09172323294971631,0.09205172364304394,2764,0.09216811222480963,0.06814793693938972,0.06666666666666667,0.7275108622380061,0.6353427500131965,2822,0.0,1.0
bxaic__X__gcn__seed2026,bxaic,X,gcn,2026,gradinput,0.2,0.03,0.1982543619857581,0.0432521799187031,0.03,0.1982543619857581,0.8074700713056333,0.0,True,True,0.03,0.19453604162359592,0.1948273486609837,2764,0.19825436198575816,0.0432521799187031,0.041666666666666664,0.9242765178360501,0.726022155850292,2822,0.0,1.0
bxaic__X__gcn__seed2026,bxaic,X,gcn,2026,ig,0.05,0.07,0.0471796148178146,0.0880659152983921,0.07,0.0471796148178146,0.9579065352268668,0.0,True,True,0.07,0.04433059403211357,0.04467622492034782,2764,0.04717961481781467,0.08806591529839215,0.08695652173913043,0.6167122391701824,0.5695326243523676,2822,0.0,1.0
bxaic__X__gcn__seed2026,bxaic,X,gcn,2026,ig,0.1,0.05,0.0921681122248096,0.0681479369393897,0.05,0.0921681122248096,0.9087783882831856,0.0,True,True,0.05,0.09172323294971631,0.09205172364304394,2764,0.09216811222480963,0.06814793693938972,0.06666666666666667,0.7275108622380061,0.6353427500131965,2822,0.0,1.0
bxaic__X__gcn__seed2026,bxaic,X,gcn,2026,ig,0.2,0.03,0.1982543619857581,0.0432521799187031,0.03,0.1982543619857581,0.8074700713056333,0.0,True,True,0.03,0.19453604162359592,0.1948273486609837,2764,0.19825436198575816,0.0432521799187031,0.041666666666666664,0.9242765178360501,0.726022155850292,2822,0.0,1.0
bxaic__X__gcn__seed42,bxaic,X,gcn,42,gradinput,0.05,0.07,0.0471796148178146,0.0880659152983921,0.07,0.0471796148178146,0.9579065352268668,0.0,True,True,0.07,0.04433059403211357,0.04467622492034782,2764,0.04717961481781467,0.08806591529839215,0.08695652173913043,0.6167122391701824,0.5695326243523676,2822,0.0,1.0
bxaic__X__gcn__seed42,bxaic,X,gcn,42,gradinput,0.1,0.05,0.0921681122248096,0.0681479369393897,0.05,0.0921681122248096,0.9087783882831856,0.0,True,True,0.05,0.09172323294971631,0.09205172364304394,2764,0.09216811222480963,0.06814793693938972,0.06666666666666667,0.7275108622380061,0.6353427500131965,2822,0.0,1.0
bxaic__X__gcn__seed42,bxaic,X,gcn,42,gradinput,0.2,0.03,0.1982543619857581,0.0432521799187031,0.03,0.1982543619857581,0.8139701027796219,0.0,True,True,0.03,0.19453604162359592,0.1948273486609837,2764,0.19825436198575816,0.0432521799187031,0.041666666666666664,0.9242765178360501,0.726022155850292,2822,0.0,1.0
bxaic__X__gcn__seed42,bxaic,X,gcn,42,ig,0.05,0.07,0.0471796148178146,0.0880659152983921,0.07,0.0471796148178146,0.9579065352268668,0.0,True,True,0.07,0.04433059403211357,0.04467622492034782,2764,0.04717961481781467,0.08806591529839215,0.08695652173913043,0.6167122391701824,0.5695326243523676,2822,0.0,1.0
bxaic__X__gcn__seed42,bxaic,X,gcn,42,ig,0.1,0.05,0.0921681122248096,0.0681479369393897,0.05,0.0921681122248096,0.9087783882831856,0.0,True,True,0.05,0.09172323294971631,0.09205172364304394,2764,0.09216811222480963,0.06814793693938972,0.06666666666666667,0.7275108622380061,0.6353427500131965,2822,0.0,1.0
bxaic__X__gcn__seed42,bxaic,X,gcn,42,ig,0.2,0.03,0.1982543619857581,0.0432521799187031,0.03,0.1982543619857581,0.8139701027796219,0.0,True,True,0.03,0.19453604162359592,0.1948273486609837,2764,0.19825436198575816,0.0432521799187031,0.041666666666666664,0.9242765178360501,0.726022155850292,2822,0.0,1.0
bxaic__X__gin__seed123,bxaic,X,gin,123,gradinput,0.05,0.08,0.044821723870271,0.0963204415530172,0.08,0.044821723870271,0.9579065352268668,0.0,True,True,0.07,0.04433059403211357,0.04467622492034782,2764,0.04717961481781467,0.08806591529839215,0.08695652173913043,0.6167122391701824,0.5695326243523676,2822,0.009999999999999995,0.9887375533310555
bxaic__X__gin__seed123,bxaic,X,gin,123,gradinput,0.1,0.06,0.0800894052400076,0.0777160805543746,0.06,0.0800894052400076,0.9087783882831856,0.0,True,True,0.05,0.09172323294971631,0.09205172364304394,2764,0.09216811222480963,0.06814793693938972,0.06666666666666667,0.7275108622380061,0.6353427500131965,2822,0.009999999999999995,0.9883555523329002
bxaic__X__gin__seed123,bxaic,X,gin,123,gradinput,0.2,0.04,0.1471067744366823,0.0570402522274434,0.04,0.1471067744366823,0.8074700713056333,0.0,True,True,0.03,0.19453604162359592,0.1948273486609837,2764,0.19825436198575816,0.0432521799187031,0.041666666666666664,0.9242765178360501,0.726022155850292,2822,0.010000000000000002,0.9871377685533198
bxaic__X__gin__seed123,bxaic,X,gin,123,ig,0.05,0.07,0.0471796148178146,0.0880659152983921,0.07,0.0471796148178146,0.9579065352268668,0.0,True,True,0.07,0.04433059403211357,0.04467622492034782,2764,0.04717961481781467,0.08806591529839215,0.08695652173913043,0.6167122391701824,0.5695326243523676,2822,0.0,1.0
bxaic__X__gin__seed123,bxaic,X,gin,123,ig,0.1,0.05,0.0921681122248096,0.0681479369393897,0.05,0.0921681122248096,0.9087783882831856,0.0,True,True,0.05,0.09172323294971631,0.09205172364304394,2764,0.09216811222480963,0.06814793693938972,0.06666666666666667,0.7275108622380061,0.6353427500131965,2822,0.0,1.0
bxaic__X__gin__seed123,bxaic,X,gin,123,ig,0.2,0.03,0.1982543619857581,0.0432521799187031,0.03,0.1982543619857581,0.8074700713056333,0.0,True,True,0.03,0.19453604162359592,0.1948273486609837,2764,0.19825436198575816,0.0432521799187031,0.041666666666666664,0.9242765178360501,0.726022155850292,2822,0.0,1.0
bxaic__X__gin__seed2026,bxaic,X,gin,2026,gradinput,0.05,0.07,0.0526105823855646,0.0880659152983921,0.07,0.0526105823855646,0.9579065352268668,0.0,False,True,0.07,0.04433059403211357,0.04467622492034782,2764,0.04717961481781467,0.08806591529839215,0.08695652173913043,0.6167122391701824,0.5695326243523676,2822,0.0,1.0
bxaic__X__gin__seed2026,bxaic,X,gin,2026,gradinput,0.1,0.05,0.0981483356394766,0.0681479369393897,0.05,0.0981483356394766,0.9087783882831856,0.0,True,True,0.05,0.09172323294971631,0.09205172364304394,2764,0.09216811222480963,0.06814793693938972,0.06666666666666667,0.7275108622380061,0.6353427500131965,2822,0.0,1.0
bxaic__X__gin__seed2026,bxaic,X,gin,2026,gradinput,0.2,0.03,0.2034752455198947,0.0432521799187031,0.03,0.2034752455198947,0.8074700713056333,0.0,False,True,0.03,0.19453604162359592,0.1948273486609837,2764,0.19825436198575816,0.0432521799187031,0.041666666666666664,0.9242765178360501,0.726022155850292,2822,0.0,1.0
bxaic__X__gin__seed2026,bxaic,X,gin,2026,ig,0.05,0.07,0.0473567941232717,0.0880659152983921,0.07,0.0473567941232717,0.9579065352268668,0.0,True,True,0.07,0.04433059403211357,0.04467622492034782,2764,0.04717961481781467,0.08806591529839215,0.08695652173913043,0.6167122391701824,0.5695326243523676,2822,0.0,1.0
bxaic__X__gin__seed2026,bxaic,X,gin,2026,ig,0.1,0.05,0.0923452915302667,0.0681479369393897,0.05,0.0923452915302667,0.9087783882831856,0.0,True,True,0.05,0.09172323294971631,0.09205172364304394,2764,0.09216811222480963,0.06814793693938972,0.06666666666666667,0.7275108622380061,0.6353427500131965,2822,0.0,1.0
bxaic__X__gin__seed2026,bxaic,X,gin,2026,ig,0.2,0.03,0.1984315412912153,0.0432521799187031,0.03,0.1984315412912153,0.8074700713056333,0.0,True,True,0.03,0.19453604162359592,0.1948273486609837,2764,0.19825436198575816,0.0432521799187031,0.041666666666666664,0.9242765178360501,0.726022155850292,2822,0.0,1.0
bxaic__X__gin__seed42,bxaic,X,gin,42,gradinput,0.05,0.07,0.0474960064347024,0.0880659152983921,0.07,0.0474960064347024,0.9579065352268668,0.0,True,True,0.07,0.04433059403211357,0.04467622492034782,2764,0.04717961481781467,0.08806591529839215,0.08695652173913043,0.6167122391701824,0.5695326243523676,2822,0.0,1.0
bxaic__X__gin__seed42,bxaic,X,gin,42,gradinput,0.1,0.05,0.0924549739574544,0.0681479369393897,0.05,0.0924549739574544,0.9087783882831856,0.0,True,True,0.05,0.09172323294971631,0.09205172364304394,2764,0.09216811222480963,0.06814793693938972,0.06666666666666667,0.7275108622380061,0.6353427500131965,2822,0.0,1.0
bxaic__X__gin__seed42,bxaic,X,gin,42,gradinput,0.2,0.03,0.1984906010597009,0.0432521799187031,0.03,0.1984906010597009,0.8139701027796219,0.0,True,True,0.03,0.19453604162359592,0.1948273486609837,2764,0.19825436198575816,0.0432521799187031,0.041666666666666664,0.9242765178360501,0.726022155850292,2822,0.0,1.0
bxaic__X__gin__seed42,bxaic,X,gin,42,ig,0.05,0.07,0.0471796148178146,0.0880659152983921,0.07,0.0471796148178146,0.9579065352268668,0.0,True,True,0.07,0.04433059403211357,0.04467622492034782,2764,0.04717961481781467,0.08806591529839215,0.08695652173913043,0.6167122391701824,0.5695326243523676,2822,0.0,1.0
bxaic__X__gin__seed42,bxaic,X,gin,42,ig,0.1,0.05,0.0921681122248096,0.0681479369393897,0.05,0.0921681122248096,0.9087783882831856,0.0,True,True,0.05,0.09172323294971631,0.09205172364304394,2764,0.09216811222480963,0.06814793693938972,0.06666666666666667,0.7275108622380061,0.6353427500131965,2822,0.0,1.0
bxaic__X__gin__seed42,bxaic,X,gin,42,ig,0.2,0.03,0.1982543619857581,0.0432521799187031,0.03,0.1982543619857581,0.8139701027796219,0.0,True,True,0.03,0.19453604162359592,0.1948273486609837,2764,0.19825436198575816,0.0432521799187031,0.041666666666666664,0.9242765178360501,0.726022155850292,2822,0.0,1.0
google__benzene__gcn__seed123,google,benzene,gcn,123,gradinput,0.05,0.53,0.0565305384749829,0.5567606723247531,0.53,0.0565305384749829,0.954928581589565,0.0,False,True,0.43,0.048174999999999996,0.04912587412587413,1000,0.05252514419181086,0.451984066812143,0.45,0.7558820725487392,0.7033569283569283,999,0.10000000000000003,0.8094978945570375
google__benzene__gcn__seed123,google,benzene,gcn,123,gradinput,0.1,0.45,0.1100648267314934,0.4706352784102144,0.45,0.1100648267314934,0.9031661198214196,0.0,False,True,0.35000000000000003,0.09808333333333333,0.09898434898434898,1000,0.10329138662471997,0.37602505045528634,0.375,0.8376114209447543,0.7343200343200343,999,0.09999999999999998,0.8192224787152849
google__benzene__gcn__seed123,google,benzene,gcn,123,gradinput,0.2,0.34,0.216842437675771,0.3654296724686039,0.34,0.216842437675771,0.8011212563215974,0.0,False,True,0.25,0.19616527777777776,0.19696830946830926,1000,0.2154819502041724,0.2670573911437793,0.26666666666666666,0.984984984984985,0.7695030347808126,999,0.09000000000000002,0.8366965545827504
google__benzene__gcn__seed123,google,benzene,gcn,123,ig,0.05,0.65,0.0480728744617633,0.670445452687567,0.65,0.0480728744617633,0.954928581589565,0.0,True,True,0.43,0.048174999999999996,0.04912587412587413,1000,0.05252514419181086,0.451984066812143,0.45,0.7558820725487392,0.7033569283569283,999,0.22000000000000003,0.5808953680254826
google__benzene__gcn__seed123,google,benzene,gcn,123,ig,0.1,0.55,0.0948621240287907,0.5716810705784846,0.55,0.0948621240287907,0.9031661198214196,0.0,True,True,0.35000000000000003,0.09808333333333333,0.09898434898434898,1000,0.10329138662471997,0.37602505045528634,0.375,0.8376114209447543,0.7343200343200343,999,0.2,0.6384449574305696
google__benzene__gcn__seed123,google,benzene,gcn,123,ig,0.2,0.42,0.1952970827970828,0.4448340596621358,0.41,0.2043825571603349,0.8011212563215974,0.0099999999999999,True,True,0.25,0.19616527777777776,0.19696830946830926,1000,0.2154819502041724,0.2670573911437793,0.26666666666666666,0.984984984984985,0.7695030347808126,999,0.16999999999999998,0.6915379364340841
google__benzene__gcn__seed2026,google,benzene,gcn,2026,gradinput,0.05,0.59,0.0472116958228069,0.6108220997251971,0.59,0.0472116958228069,0.954928581589565,0.0,True,True,0.43,0.048174999999999996,0.04912587412587413,1000,0.05252514419181086,0.451984066812143,0.45,0.7558820725487392,0.7033569283569283,999,0.15999999999999998,0.6951966312912601
google__benzene__gcn__seed2026,google,benzene,gcn,2026,gradinput,0.1,0.49,0.1034220728665173,0.5119776375360348,0.49,0.1034220728665173,0.9031661198214196,0.0,False,True,0.35000000000000003,0.09808333333333333,0.09898434898434898,1000,0.10329138662471997,0.37602505045528634,0.375,0.8376114209447543,0.7343200343200343,999,0.13999999999999996,0.7469114702013988
google__benzene__gcn__seed2026,google,benzene,gcn,2026,gradinput,0.2,0.39,0.2047875256208589,0.4103486240599057,0.39,0.2047875256208589,0.8011212563215974,0.0,False,True,0.25,0.19616527777777776,0.19696830946830926,1000,0.2154819502041724,0.2670573911437793,0.26666666666666666,0.984984984984985,0.7695030347808126,999,0.14,0.745972418239834
google__benzene__gcn__seed2026,google,benzene,gcn,2026,ig,0.05,0.61,0.0502109252109252,0.6361218790829477,0.61,0.0502109252109252,0.954928581589565,0.0,False,True,0.43,0.048174999999999996,0.04912587412587413,1000,0.05252514419181086,0.451984066812143,0.45,0.7558820725487392,0.7033569283569283,999,0.18,0.6570962102026676
google__benzene__gcn__seed2026,google,benzene,gcn,2026,ig,0.1,0.51,0.1047190047190047,0.5344928656068183,0.51,0.1047190047190047,0.9031661198214196,0.0,False,True,0.35000000000000003,0.09808333333333333,0.09898434898434898,1000,0.10329138662471997,0.37602505045528634,0.375,0.8376114209447543,0.7343200343200343,999,0.15999999999999998,0.7107559659444558
google__benzene__gcn__seed2026,google,benzene,gcn,2026,ig,0.2,0.39,0.2082779207779208,0.4103486240599057,0.39,0.2082779207779208,0.8011212563215974,0.0,False,True,0.25,0.19616527777777776,0.19696830946830926,1000,0.2154819502041724,0.2670573911437793,0.26666666666666666,0.984984984984985,0.7695030347808126,999,0.14,0.745972418239834
google__benzene__gcn__seed42,google,benzene,gcn,42,gradinput,0.05,0.5700000000000001,0.0523322926100703,0.5944864363307101,0.56,0.0566497052608163,0.954928581589565,0.01,False,True,0.43,0.048174999999999996,0.04912587412587413,1000,0.05252514419181086,0.451984066812143,0.45,0.7558820725487392,0.7033569283569283,999,0.14000000000000007,0.7332970523798524
google__benzene__gcn__seed42,google,benzene,gcn,42,gradinput,0.1,0.48,0.1005318810874366,0.5040497096081068,0.48,0.1005318810874366,0.9031661198214196,0.0,False,True,0.35000000000000003,0.09808333333333333,0.09898434898434898,1000,0.10329138662471997,0.37602505045528634,0.375,0.8376114209447543,0.7343200343200343,999,0.12999999999999995,0.7649892223298704
google__benzene__gcn__seed42,google,benzene,gcn,42,gradinput,0.2,0.37,0.1934198086975865,0.3942956357846952,0.37,0.1934198086975865,0.8011212563215974,0.0,True,True,0.25,0.19616527777777776,0.19696830946830926,1000,0.2154819502041724,0.2670573911437793,0.26666666666666666,0.984984984984985,0.7695030347808126,999,0.12,0.7822620727770005
google__benzene__gcn__seed42,google,benzene,gcn,42,ig,0.05,0.5700000000000001,0.0506931534709312,0.5944864363307101,0.5700000000000001,0.0506931534709312,0.954928581589565,0.0,False,True,0.43,0.048174999999999996,0.04912587412587413,1000,0.05252514419181086,0.451984066812143,0.45,0.7558820725487392,0.7033569283569283,999,0.14000000000000007,0.7332970523798524
google__benzene__gcn__seed42,google,benzene,gcn,42,ig,0.1,0.47,0.1028022069688736,0.4897098308181002,0.47,0.1028022069688736,0.9031661198214196,0.0,False,True,0.35000000000000003,0.09808333333333333,0.09898434898434898,1000,0.10329138662471997,0.37602505045528634,0.375,0.8376114209447543,0.7343200343200343,999,0.11999999999999994,0.783066974458342
google__benzene__gcn__seed42,google,benzene,gcn,42,ig,0.2,0.35,0.2023390453946009,0.3760250504552863,0.35,0.2023390453946009,0.8011212563215974,0.0,False,True,0.25,0.19616527777777776,0.19696830946830926,1000,0.2154819502041724,0.2670573911437793,0.26666666666666666,0.984984984984985,0.7695030347808126,999,0.09999999999999998,0.8185517273141671
google__benzene__gin__seed123,google,benzene,gin,123,gradinput,0.05,0.96,0.018115337559782,0.9920720720720722,0.96,0.018115337559782,0.954928581589565,0.0,True,False,0.43,0.048174999999999996,0.04912587412587413,1000,0.05252514419181086,0.451984066812143,0.45,0.7558820725487392,0.7033569283569283,999,0.53,-0.009661158847700716
google__benzene__gin__seed123,google,benzene,gin,123,gradinput,0.1,0.94,0.0944192208081096,0.9575645508922008,0.94,0.0944192208081096,0.9031661198214196,0.0,True,False,0.35000000000000003,0.09808333333333333,0.09898434898434898,1000,0.10329138662471997,0.37602505045528634,0.375,0.8376114209447543,0.7343200343200343,999,0.5899999999999999,-0.06658737557981961
google__benzene__gin__seed123,google,benzene,gin,123,gradinput,0.2,0.89,0.1750850056405612,0.9150522543219332,0.89,0.1750850056405612,0.8011212563215974,0.0,True,False,0.25,0.19616527777777776,0.19696830946830926,1000,0.2154819502041724,0.2670573911437793,0.26666666666666666,0.984984984984985,0.7695030347808126,999,0.64,-0.1612689451893305
google__benzene__gin__seed123,google,benzene,gin,123,ig,0.05,0.63,0.0530546419435308,0.6521748673581581,0.62,0.0548181117625562,0.954928581589565,0.01,False,True,0.43,0.048174999999999996,0.04912587412587413,1000,0.05252514419181086,0.451984066812143,0.45,0.7558820725487392,0.7033569283569283,999,0.2,0.618995789114075
google__benzene__gin__seed123,google,benzene,gin,123,ig,0.1,0.51,0.1002665363776474,0.5344928656068183,0.51,0.1002665363776474,0.9031661198214196,0.0,False,True,0.35000000000000003,0.09808333333333333,0.09898434898434898,1000,0.10329138662471997,0.37602505045528634,0.375,0.8376114209447543,0.7343200343200343,999,0.15999999999999998,0.7107559659444558
google__benzene__gin__seed123,google,benzene,gin,123,ig,0.2,0.38,0.1992945326278659,0.4033880615437876,0.38,0.1992945326278659,0.8011212563215974,0.0,True,True,0.25,0.19616527777777776,0.19696830946830926,1000,0.2154819502041724,0.2670573911437793,0.26666666666666666,0.984984984984985,0.7695030347808126,999,0.13,0.7641172455084172
google__benzene__gin__seed2026,google,benzene,gin,2026,gradinput,0.05,0.88,0.0468567774123329,0.9031661198214196,0.88,0.0468567774123329,0.954928581589565,0.0,True,False,0.43,0.048174999999999996,0.04912587412587413,1000,0.05252514419181086,0.451984066812143,0.45,0.7558820725487392,0.7033569283569283,999,0.45,0.14274052550666913
google__benzene__gin__seed2026,google,benzene,gin,2026,gradinput,0.1,0.81,0.0855921397588064,0.8355199614449401,0.8,0.0989519281185947,0.9031661198214196,0.01,True,False,0.35000000000000003,0.09808333333333333,0.09898434898434898,1000,0.10329138662471997,0.37602505045528634,0.375,0.8376114209447543,0.7343200343200343,999,0.46,0.16842340209031
google__benzene__gin__seed2026,google,benzene,gin,2026,gradinput,0.2,0.67,0.1830227052449274,0.6966818685375092,0.67,0.1830227052449274,0.8011212563215974,0.0,True,True,0.25,0.19616527777777776,0.19696830946830926,1000,0.2154819502041724,0.2670573911437793,0.26666666666666666,0.984984984984985,0.7695030347808126,999,0.42000000000000004,0.23791725471950181
google__benzene__gin__seed2026,google,benzene,gin,2026,ig,0.05,0.85,0.0423737229292784,0.8725548384855007,0.85,0.0423737229292784,0.954928581589565,0.0,True,False,0.43,0.048174999999999996,0.04912587412587413,1000,0.05252514419181086,0.451984066812143,0.45,0.7558820725487392,0.7033569283569283,999,0.42,0.19989115713955788
google__benzene__gin__seed2026,google,benzene,gin,2026,ig,0.1,0.79,0.0940527829416718,0.8109944835861289,0.79,0.0940527829416718,0.9031661198214196,0.0,True,False,0.35000000000000003,0.09808333333333333,0.09898434898434898,1000,0.10329138662471997,0.37602505045528634,0.375,0.8376114209447543,0.7343200343200343,999,0.44,0.20457890634725306
google__benzene__gin__seed2026,google,benzene,gin,2026,ig,0.2,0.6900000000000001,0.2000450847673069,0.7147563066119474,0.6900000000000001,0.2000450847673069,0.8011212563215974,0.0,False,True,0.25,0.19616527777777776,0.19696830946830926,1000,0.2154819502041724,0.2670573911437793,0.26666666666666666,0.984984984984985,0.7695030347808126,999,0.44000000000000006,0.2016276001823352
google__benzene__gin__seed42,google,benzene,gin,42,gradinput,0.05,0.92,0.0437252728919395,0.946109652770636,0.91,0.0554717415828526,0.954928581589565,0.01,True,False,0.43,0.048174999999999996,0.04912587412587413,1000,0.05252514419181086,0.451984066812143,0.45,0.7558820725487392,0.7033569283569283,999,0.49000000000000005,0.0665396833294841
google__benzene__gin__seed42,google,benzene,gin,42,gradinput,0.1,0.8300000000000001,0.1092832912277356,0.8503733407484473,0.8300000000000001,0.1092832912277356,0.9031661198214196,0.0,False,False,0.35000000000000003,0.09808333333333333,0.09898434898434898,1000,0.10329138662471997,0.37602505045528634,0.375,0.8376114209447543,0.7343200343200343,999,0.48000000000000004,0.13226789783336693
google__benzene__gin__seed42,google,benzene,gin,42,gradinput,0.2,0.59,0.2088270810493032,0.6108220997251971,0.58,0.2122860956194289,0.8011212563215974,0.01,False,True,0.25,0.19616527777777776,0.19696830946830926,1000,0.2154819502041724,0.2670573911437793,0.26666666666666666,0.984984984984985,0.7695030347808126,999,0.33999999999999997,0.38307587286816824
google__benzene__gin__seed42,google,benzene,gin,42,ig,0.05,0.84,0.0523602968047412,0.8611619070925692,0.84,0.0523602968047412,0.954928581589565,0.0,False,False,0.43,0.048174999999999996,0.04912587412587413,1000,0.05252514419181086,0.451984066812143,0.45,0.7558820725487392,0.7033569283569283,999,0.41,0.21894136768385414
google__benzene__gin__seed42,google,benzene,gin,42,ig,0.1,0.73,0.1022534439201105,0.7551707536987445,0.73,0.1022534439201105,0.9031661198214196,0.0,False,True,0.35000000000000003,0.09808333333333333,0.09898434898434898,1000,0.10329138662471997,0.37602505045528634,0.375,0.8376114209447543,0.7343200343200343,999,0.37999999999999995,0.3130454191180823
google__benzene__gin__seed42,google,benzene,gin,42,ig,0.2,0.58,0.2010250329694774,0.6016364434807174,0.58,0.2010250329694774,0.8011212563215974,0.0,False,True,0.25,0.19616527777777776,0.19696830946830926,1000,0.2154819502041724,0.2670573911437793,0.26666666666666666,0.984984984984985,0.7695030347808126,999,0.32999999999999996,0.40122070013675154
google__logic10__gcn__seed123,google,logic10,gcn,123,gradinput,0.05,0.89,0.0489378924646781,0.9140376849550448,0.88,0.0576604199372056,0.9549678417887856,0.01,True,False,0.46,0.042380500422779833,0.04734225948794675,192,0.05923250856286571,0.48754690478550167,0.48,0.9387175324675325,0.8794850239046667,112,0.43,0.131256692463081
google__logic10__gcn__seed123,google,logic10,gcn,123,gradinput,0.1,0.81,0.0879145408163265,0.8360362351772493,0.8,0.0958014455782313,0.9043177969998628,0.01,True,False,0.41000000000000003,0.08291097901621798,0.08766273560162612,192,0.10981198860663145,0.434170783989253,0.43478260869565216,0.9902597402597403,0.8804477516531088,112,0.4,0.1908039677557653
google__logic10__gcn__seed123,google,logic10,gcn,123,gradinput,0.2,0.64,0.1976271868012939,0.662685584918506,0.63,0.2042291785595356,0.7935035142409447,0.01,True,True,0.35000000000000003,0.18802954602586955,0.19223664682366334,192,0.21720768071214502,0.37697650218734335,0.375,1.0,0.7827923192878552,112,0.29,0.3461156660813965
google__logic10__gcn__seed123,google,logic10,gcn,123,ig,0.05,0.77,0.0538800856881213,0.7935035142409447,0.76,0.0615609464939821,0.9549678417887856,0.01,False,True,0.46,0.042380500422779833,0.04734225948794675,192,0.05923250856286571,0.48754690478550167,0.48,0.9387175324675325,0.8794850239046667,112,0.31,0.3736966852640817
google__logic10__gcn__seed123,google,logic10,gcn,123,ig,0.1,0.67,0.1019980763284334,0.6977497682005145,0.67,0.1019980763284334,0.9043177969998628,0.0,False,True,0.41000000000000003,0.08291097901621798,0.08766273560162612,192,0.10981198860663145,0.434170783989253,0.43478260869565216,0.9902597402597403,0.8804477516531088,112,0.26,0.47402257904124745
google__logic10__gcn__seed123,google,logic10,gcn,123,ig,0.2,0.53,0.1983454789258361,0.5587607636297947,0.53,0.1983454789258361,0.7935035142409447,0.0,True,True,0.35000000000000003,0.18802954602586955,0.19223664682366334,192,0.21720768071214502,0.37697650218734335,0.375,1.0,0.7827923192878552,112,0.18,0.5941407582574185
google__logic10__gcn__seed2026,google,logic10,gcn,2026,gradinput,0.05,0.88,0.0473381900837257,0.9043177969998628,0.87,0.04912390436944,0.9549678417887856,0.01,True,False,0.46,0.042380500422779833,0.04734225948794675,192,0.05923250856286571,0.48754690478550167,0.48,0.9387175324675325,0.8794850239046667,112,0.42,0.15146002519649776
google__logic10__gcn__seed2026,google,logic10,gcn,2026,gradinput,0.1,0.8,0.0974240417320774,0.8213806229323514,0.79,0.100583382391418,0.9140376849550448,0.01,True,False,0.41000000000000003,0.08291097901621798,0.08766273560162612,192,0.10981198860663145,0.434170783989253,0.43478260869565216,0.9902597402597403,0.8804477516531088,112,0.39,0.2262483309461589
google__logic10__gcn__seed2026,google,logic10,gcn,2026,gradinput,0.2,0.63,0.1937581391822463,0.6531162069280754,0.62,0.1987804606108177,0.814312170551399,0.01,True,True,0.35000000000000003,0.18802954602586955,0.19223664682366334,192,0.21720768071214502,0.37697650218734335,0.375,1.0,0.7827923192878552,112,0.27999999999999997,0.39695743993209803
google__logic10__gcn__seed2026,google,logic10,gcn,2026,ig,0.05,0.95,0.0424103054683411,0.9664182278642682,0.94,0.0555971186551543,0.9549678417887856,0.01,True,False,0.46,0.042380500422779833,0.04734225948794675,192,0.05923250856286571,0.48754690478550167,0.48,0.9387175324675325,0.8794850239046667,112,0.48999999999999994,0.010036696062580801
google__logic10__gcn__seed2026,google,logic10,gcn,2026,ig,0.1,0.89,0.0917081430474287,0.9140376849550448,0.89,0.0917081430474287,0.9140376849550448,0.0,True,False,0.41000000000000003,0.08291097901621798,0.08766273560162612,192,0.10981198860663145,0.434170783989253,0.43478260869565216,0.9902597402597403,0.8804477516531088,112,0.48,0.047690253472195625
google__logic10__gcn__seed2026,google,logic10,gcn,2026,ig,0.2,0.64,0.1930727754388468,0.662685584918506,0.63,0.2011256600542315,0.814312170551399,0.01,True,True,0.35000000000000003,0.18802954602586955,0.19223664682366334,192,0.21720768071214502,0.37697650218734335,0.375,1.0,0.7827923192878552,112,0.29,0.37542020564395867
google__logic10__gcn__seed42,google,logic10,gcn,42,gradinput,0.05,0.8300000000000001,0.0395776098901098,0.8516688901661222,0.81,0.0428939364207221,0.9549678417887856,0.02,True,False,0.46,0.042380500422779833,0.04734225948794675,192,0.05923250856286571,0.48754690478550167,0.48,0.9387175324675325,0.8794850239046667,112,0.37000000000000005,0.2524766888635812
google__logic10__gcn__seed42,google,logic10,gcn,42,gradinput,0.1,0.73,0.0786912120617477,0.7549440500024239,0.73,0.0786912120617477,0.9043177969998628,0.0,True,True,0.41000000000000003,0.08291097901621798,0.08766273560162612,192,0.10981198860663145,0.434170783989253,0.43478260869565216,0.9902597402597403,0.8804477516531088,112,0.31999999999999995,0.3526431742046124
google__logic10__gcn__seed42,google,logic10,gcn,42,gradinput,0.2,0.56,0.1784933072879501,0.5846027341592651,0.56,0.1784933072879501,0.801349834587265,0.0,True,True,0.35000000000000003,0.18802954602586955,0.19223664682366334,192,0.21720768071214502,0.37697650218734335,0.375,1.0,0.7827923192878552,112,0.21000000000000002,0.534728975381073
google__logic10__gcn__seed42,google,logic10,gcn,42,ig,0.05,0.73,0.0562743060510917,0.7549440500024239,0.72,0.0606069525712382,0.9549678417887856,0.01,False,True,0.46,0.042380500422779833,0.04734225948794675,192,0.05923250856286571,0.48754690478550167,0.48,0.9387175324675325,0.8794850239046667,112,0.26999999999999996,0.4545100161977486
google__logic10__gcn__seed42,google,logic10,gcn,42,ig,0.1,0.63,0.1044853212263926,0.6531162069280754,0.63,0.1044853212263926,0.9043177969998628,0.0,False,True,0.41000000000000003,0.08291097901621798,0.08766273560162612,192,0.10981198860663145,0.434170783989253,0.43478260869565216,0.9902597402597403,0.8804477516531088,112,0.21999999999999997,0.554942182265671
google__logic10__gcn__seed42,google,logic10,gcn,42,ig,0.2,0.53,0.1958901217829789,0.5587607636297947,0.53,0.1958901217829789,0.801349834587265,0.0,True,True,0.35000000000000003,0.18802954602586955,0.19223664682366334,192,0.21720768071214502,0.37697650218734335,0.375,1.0,0.7827923192878552,112,0.18,0.6011962646123483
google__logic10__gin__seed123,google,logic10,gin,123,gradinput,0.05,0.96,0.0069940476190476,0.995357142857143,0.96,0.0069940476190476,0.9549678417887856,0.0,True,False,0.46,0.042380500422779833,0.04734225948794675,192,0.05923250856286571,0.48754690478550167,0.48,0.9387175324675325,0.8794850239046667,112,0.49999999999999994,-0.010166636670835939
google__logic10__gin__seed123,google,logic10,gin,123,gradinput,0.1,0.93,0.076532433340469,0.9549678417887856,0.92,0.0888836238166595,0.9043177969998628,0.01,True,False,0.41000000000000003,0.08291097901621798,0.08766273560162612,192,0.10981198860663145,0.434170783989253,0.43478260869565216,0.9902597402597403,0.8804477516531088,112,0.52,-0.05195484191750508
google__logic10__gin__seed123,google,logic10,gin,123,gradinput,0.2,0.88,0.1702924307835021,0.9043177969998628,0.87,0.188982334629656,0.7935035142409447,0.01,True,False,0.35000000000000003,0.18802954602586955,0.19223664682366334,192,0.21720768071214502,0.37697650218734335,0.375,1.0,0.7827923192878552,112,0.53,-0.19502998957537887
google__logic10__gin__seed123,google,logic10,gin,123,ig,0.05,0.8300000000000001,0.0417153159340659,0.8516688901661222,0.81,0.050388785321821,0.9549678417887856,0.02,True,False,0.46,0.042380500422779833,0.04734225948794675,192,0.05923250856286571,0.48754690478550167,0.48,0.9387175324675325,0.8794850239046667,112,0.37000000000000005,0.2524766888635812
google__logic10__gin__seed123,google,logic10,gin,123,ig,0.1,0.74,0.1040893630179344,0.7666308757624763,0.73,0.1112322201607916,0.9043177969998628,0.01,False,True,0.41000000000000003,0.08291097901621798,0.08766273560162612,192,0.10981198860663145,0.434170783989253,0.43478260869565216,0.9902597402597403,0.8804477516531088,112,0.32999999999999996,0.3324132733985065
google__logic10__gin__seed123,google,logic10,gin,123,ig,0.2,0.64,0.1908638980067551,0.662685584918506,0.63,0.2013402520098948,0.7935035142409447,0.01,True,True,0.35000000000000003,0.18802954602586955,0.19223664682366334,192,0.21720768071214502,0.37697650218734335,0.375,1.0,0.7827923192878552,112,0.29,0.3461156660813965
google__logic10__gin__seed2026,google,logic10,gin,2026,gradinput,0.05,0.95,0.0431461767399267,0.9664182278642682,0.95,0.0431461767399267,0.9549678417887856,0.0,True,False,0.46,0.042380500422779833,0.04734225948794675,192,0.05923250856286571,0.48754690478550167,0.48,0.9387175324675325,0.8794850239046667,112,0.48999999999999994,0.010036696062580801
google__logic10__gin__seed2026,google,logic10,gin,2026,gradinput,0.1,0.91,0.0956158424908424,0.9336198180475164,0.91,0.0956158424908424,0.9140376849550448,0.0,True,False,0.41000000000000003,0.08291097901621798,0.08766273560162612,192,0.10981198860663145,0.434170783989253,0.43478260869565216,0.9902597402597403,0.8804477516531088,112,0.5,0.008010680700203743
google__logic10__gin__seed2026,google,logic10,gin,2026,gradinput,0.2,0.84,0.2002346240069454,0.8617135330232651,0.84,0.2002346240069454,0.814312170551399,0.0,False,False,0.35000000000000003,0.18802954602586955,0.19223664682366334,192,0.21720768071214502,0.37697650218734335,0.375,1.0,0.7827923192878552,112,0.48999999999999994,-0.05532448011882839
google__logic10__gin__seed2026,google,logic10,gin,2026,ig,0.05,0.93,0.0487890829408686,0.9549678417887856,0.93,0.0487890829408686,0.9549678417887856,0.0,True,False,0.46,0.042380500422779833,0.04734225948794675,192,0.05923250856286571,0.48754690478550167,0.48,0.9387175324675325,0.8794850239046667,112,0.47000000000000003,0.05044336152941405
google__logic10__gin__seed2026,google,logic10,gin,2026,ig,0.1,0.86,0.0974769649992864,0.883717529966172,0.85,0.1026280639003853,0.9140376849550448,0.01,True,False,0.41000000000000003,0.08291097901621798,0.08766273560162612,192,0.10981198860663145,0.434170783989253,0.43478260869565216,0.9902597402597403,0.8804477516531088,112,0.44999999999999996,0.10720961263018346
google__logic10__gin__seed2026,google,logic10,gin,2026,ig,0.2,0.67,0.2055126421197849,0.6977497682005145,0.67,0.2055126421197849,0.814312170551399,0.0,False,True,0.35000000000000003,0.18802954602586955,0.19223664682366334,192,0.21720768071214502,0.37697650218734335,0.375,1.0,0.7827923192878552,112,0.32,0.31080850277954053
google__logic10__gin__seed42,google,logic10,gin,42,gradinput,0.05,0.96,0.0087797619047619,0.995357142857143,0.96,0.0087797619047619,0.9549678417887856,0.0,True,False,0.46,0.042380500422779833,0.04734225948794675,192,0.05923250856286571,0.48754690478550167,0.48,0.9387175324675325,0.8794850239046667,112,0.49999999999999994,-0.010166636670835939
google__logic10__gin__seed42,google,logic10,gin,42,gradinput,0.1,0.92,0.0813411662742019,0.9476758480682204,0.92,0.0813411662742019,0.9043177969998628,0.0,True,False,0.41000000000000003,0.08291097901621798,0.08766273560162612,192,0.10981198860663145,0.434170783989253,0.43478260869565216,0.9902597402597403,0.8804477516531088,112,0.51,-0.031724941111399195
google__logic10__gin__seed42,google,logic10,gin,42,gradinput,0.2,0.86,0.1767415620094191,0.883717529966172,0.86,0.1767415620094191,0.801349834587265,0.0,True,False,0.35000000000000003,0.18802954602586955,0.19223664682366334,192,0.21720768071214502,0.37697650218734335,0.375,1.0,0.7827923192878552,112,0.51,-0.1299439169316797
google__logic10__gin__seed42,google,logic10,gin,42,ig,0.05,0.95,0.0433507712525569,0.9664182278642682,0.95,0.0433507712525569,0.9549678417887856,0.0,True,False,0.46,0.042380500422779833,0.04734225948794675,192,0.05923250856286571,0.48754690478550167,0.48,0.9387175324675325,0.8794850239046667,112,0.48999999999999994,0.010036696062580801
google__logic10__gin__seed42,google,logic10,gin,42,ig,0.1,0.87,0.0914248326078683,0.8955752374760533,0.85,0.0983125877099091,0.9043177969998628,0.02,True,False,0.41000000000000003,0.08291097901621798,0.08766273560162612,192,0.10981198860663145,0.434170783989253,0.43478260869565216,0.9902597402597403,0.8804477516531088,112,0.45999999999999996,0.06942456291913023
google__logic10__gin__seed42,google,logic10,gin,42,ig,0.2,0.6900000000000001,0.1989865045668617,0.7136361104766592,0.6900000000000001,0.1989865045668617,0.801349834587265,0.0,True,True,0.35000000000000003,0.18802954602586955,0.19223664682366334,192,0.21720768071214502,0.37697650218734335,0.375,1.0,0.7827923192878552,112,0.34,0.24670405537888007
google__logic7__gcn__seed123,google,logic7,gcn,123,gradinput,0.05,0.88,0.0147163120567375,0.905415527160543,0.87,0.0189716312056737,0.9948936170212764,0.01,True,False,0.22,0.03354978354978355,0.04797441364605543,66,0.01990881458966565,0.24287701114996674,0.24,0.7847517730496453,0.7648429584599795,47,0.66,0.14827018121911018
google__logic7__gcn__seed123,google,logic7,gcn,123,gradinput,0.1,0.81,0.0365248226950354,0.833329619256579,0.8,0.0407801418439716,0.9390069354229216,0.01,True,False,0.19,0.08284632034632033,0.09653518123667378,66,0.044756838905775066,0.21349909132728323,0.21052631578947367,0.8617021276595743,0.8169452887537995,47,0.6200000000000001,0.17223730425150022
google__logic7__gcn__seed123,google,logic7,gcn,123,gradinput,0.2,0.65,0.1106889564336372,0.6737756827697773,0.61,0.1337386018237082,0.8178888897732962,0.04,True,True,0.15,0.16612554112554112,0.17857142857142852,66,0.1325227963525836,0.17426916493795,0.17647058823529413,0.9361702127659575,0.8036474164133736,47,0.5,0.25137248477105717
google__logic7__gcn__seed123,google,logic7,gcn,123,ig,0.05,0.81,0.0225177304964538,0.833329619256579,0.79,0.0320921985815602,0.9948936170212764,0.02,True,False,0.22,0.03354978354978355,0.04797441364605543,66,0.01990881458966565,0.24287701114996674,0.24,0.7847517730496453,0.7648429584599795,47,0.5900000000000001,0.23860516199890147
google__logic7__gcn__seed123,google,logic7,gcn,123,ig,0.1,0.72,0.0576241134751773,0.7399967108726914,0.6900000000000001,0.0757345491388044,0.9390069354229216,0.0299999999999999,True,True,0.19,0.08284632034632033,0.09653518123667378,66,0.044756838905775066,0.21349909132728323,0.21052631578947367,0.8617021276595743,0.8169452887537995,47,0.53,0.29239640524725025
google__logic7__gcn__seed123,google,logic7,gcn,123,ig,0.2,0.51,0.128774062816616,0.5366178184953944,0.49,0.1356889564336373,0.8178888897732962,0.02,True,True,0.15,0.16612554112554112,0.17857142857142852,66,0.1325227963525836,0.17426916493795,0.17647058823529413,0.9361702127659575,0.8036474164133736,47,0.36,0.4609881890351612
google__logic7__gcn__seed2026,google,logic7,gcn,2026,gradinput,0.05,0.96,0.0148936170212765,0.9948936170212764,0.96,0.0148936170212765,0.9546910462550436,0.0,True,False,0.22,0.03354978354978355,0.04797441364605543,66,0.01990881458966565,0.24287701114996674,0.24,0.7847517730496453,0.7648429584599795,47,0.74,-0.007226103777931917
google__logic7__gcn__seed2026,google,logic7,gcn,2026,gradinput,0.1,0.93,0.0813829787234042,0.9546910462550436,0.92,0.0927304964539007,0.8983233285789827,0.01,True,False,0.19,0.08284632034632033,0.09653518123667378,66,0.044756838905775066,0.21349909132728323,0.21052631578947367,0.8617021276595743,0.8169452887537995,47,0.74,-0.044720638362379196
google__logic7__gcn__seed2026,google,logic7,gcn,2026,gradinput,0.2,0.87,0.1931104356636271,0.8983233285789827,0.85,0.2085612968591692,0.813456265659821,0.02,True,False,0.15,0.16612554112554112,0.17857142857142852,66,0.1325227963525836,0.17426916493795,0.17647058823529413,0.9361702127659575,0.8036474164133736,47,0.72,-0.08522601604183373
google__logic7__gcn__seed2026,google,logic7,gcn,2026,ig,0.05,0.6900000000000001,0.0303444782168186,0.7178330720591641,0.66,0.0333839918946302,0.9546910462550436,0.03,True,True,0.22,0.03354978354978355,0.04797441364605543,66,0.01990881458966565,0.24287701114996674,0.24,0.7847517730496453,0.7648429584599795,47,0.4700000000000001,0.3602753124653674
google__logic7__gcn__seed2026,google,logic7,gcn,2026,ig,0.1,0.6,0.0599797365754812,0.6218405892071917,0.59,0.0652988855116514,0.8983233285789827,0.01,True,True,0.19,0.08284632034632033,0.09653518123667378,66,0.044756838905775066,0.21349909132728323,0.21052631578947367,0.8617021276595743,0.8169452887537995,47,0.41,0.4211682949613845
google__logic7__gcn__seed2026,google,logic7,gcn,2026,ig,0.2,0.48,0.1395896656534954,0.5051045091097445,0.48,0.1395896656534954,0.813456265659821,0.0,True,True,0.15,0.16612554112554112,0.17857142857142852,66,0.1325227963525836,0.17426916493795,0.17647058823529413,0.9361702127659575,0.8036474164133736,47,0.32999999999999996,0.5026047426474929
google__logic7__gcn__seed42,google,logic7,gcn,42,gradinput,0.05,0.9,0.0111702127659574,0.915132937080838,0.81,0.0338652482269503,0.9573506207231288,0.0899999999999999,True,False,0.22,0.03354978354978355,0.04797441364605543,66,0.01990881458966565,0.24287701114996674,0.24,0.7847517730496453,0.7648429584599795,47,0.68,0.07777930757945838
google__logic7__gcn__seed42,google,logic7,gcn,42,gradinput,0.1,0.71,0.0551418439716312,0.7323979266781626,0.6900000000000001,0.0647163120567375,0.8983233285789827,0.0199999999999999,True,True,0.19,0.08284632034632033,0.09653518123667378,66,0.044756838905775066,0.21349909132728323,0.21052631578947367,0.8617021276595743,0.8169452887537995,47,0.52,0.26587198385346333
google__logic7__gcn__seed42,google,logic7,gcn,42,gradinput,0.2,0.51,0.1507598784194528,0.5366178184953944,0.51,0.1507598784194528,0.7779750728064551,0.0,True,True,0.15,0.16612554112554112,0.17857142857142852,66,0.1325227963525836,0.17426916493795,0.17647058823529413,0.9361702127659575,0.8036474164133736,47,0.36,0.4267288375139793
google__logic7__gcn__seed42,google,logic7,gcn,42,ig,0.05,0.74,0.0235815602836879,0.7666275550759587,0.62,0.0535460992907801,0.9573506207231288,0.12,True,True,0.22,0.03354978354978355,0.04797441364605543,66,0.01990881458966565,0.24287701114996674,0.24,0.7847517730496453,0.7648429584599795,47,0.52,0.2947724116784094
google__logic7__gcn__seed42,google,logic7,gcn,42,ig,0.1,0.56,0.0679331306990881,0.584373580750989,0.55,0.0721884498480243,0.8983233285789827,0.01,True,True,0.19,0.08284632034632033,0.09653518123667378,66,0.044756838905775066,0.21349909132728323,0.21052631578947367,0.8617021276595743,0.8169452887537995,47,0.37000000000000005,0.4776396808188103
google__logic7__gcn__seed42,google,logic7,gcn,42,ig,0.2,0.41,0.1564336372847011,0.4385277732141946,0.39,0.1684903748733536,0.7779750728064551,0.02,True,True,0.15,0.16612554112554112,0.17857142857142852,66,0.1325227963525836,0.17426916493795,0.17647058823529413,0.9361702127659575,0.8036474164133736,47,0.26,0.5859708270934295
google__logic7__gin__seed123,google,logic7,gin,123,gradinput,0.05,0.97,0.0,1.0,0.96,0.0166666666666666,0.9948936170212764,0.01,True,False,0.22,0.03354978354978355,0.04797441364605543,66,0.01990881458966565,0.24287701114996674,0.24,0.7847517730496453,0.7648429584599795,47,0.75,0.03212520593080708
google__logic7__gin__seed123,google,logic7,gin,123,gradinput,0.1,0.96,0.0166666666666666,0.9948936170212764,0.96,0.0166666666666666,0.9390069354229216,0.0,True,False,0.19,0.08284632034632033,0.09653518123667378,66,0.044756838905775066,0.21349909132728323,0.21052631578947367,0.8617021276595743,0.8169452887537995,47,0.77,-0.028027864074749588
google__logic7__gin__seed123,google,logic7,gin,123,gradinput,0.2,0.93,0.1567629179331307,0.9546910462550436,0.92,0.1833586626139818,0.8178888897732962,0.01,True,False,0.15,0.16612554112554112,0.17857142857142852,66,0.1325227963525836,0.17426916493795,0.17647058823529413,0.9361702127659575,0.8036474164133736,47,0.78,-0.16785892375715084
google__logic7__gin__seed123,google,logic7,gin,123,ig,0.05,0.79,0.0349290780141844,0.813456265659821,0.74,0.0491134751773049,0.9948936170212764,0.05,True,False,0.22,0.03354978354978355,0.04797441364605543,66,0.01990881458966565,0.24287701114996674,0.24,0.7847517730496453,0.7648429584599795,47,0.5700000000000001,0.2644151565074133
google__logic7__gin__seed123,google,logic7,gin,123,ig,0.1,0.67,0.0622340425531914,0.6931680002888293,0.61,0.0842198581560283,0.9390069354229216,0.06,True,True,0.19,0.08284632034632033,0.09653518123667378,66,0.044756838905775066,0.21349909132728323,0.21052631578947367,0.8617021276595743,0.8169452887537995,47,0.48000000000000004,0.3591514613560001
google__logic7__gin__seed123,google,logic7,gin,123,ig,0.2,0.42,0.1544326241134751,0.4442119617832392,0.39,0.1624113475177304,0.8178888897732962,0.0299999999999999,True,True,0.15,0.16612554112554112,0.17857142857142852,66,0.1325227963525836,0.17426916493795,0.17647058823529413,0.9361702127659575,0.8036474164133736,47,0.27,0.5957411417763709
google__logic7__gin__seed2026,google,logic7,gin,2026,gradinput,0.05,0.95,0.0556737588652482,0.9619616476647004,0.93,0.0609929078014184,0.9546910462550436,0.02,False,False,0.22,0.03354978354978355,0.04797441364605543,66,0.01990881458966565,0.24287701114996674,0.24,0.7847517730496453,0.7648429584599795,47,0.73,0.006385059786634743
google__logic7__gin__seed2026,google,logic7,gin,2026,gradinput,0.1,0.89,0.1067629179331307,0.9117734745948356,0.88,0.1138551165146909,0.8983233285789827,0.01,False,False,0.19,0.08284632034632033,0.09653518123667378,66,0.044756838905775066,0.21349909132728323,0.21052631578947367,0.8617021276595743,0.8169452887537995,47,0.7,0.01175074749504675
google__logic7__gin__seed2026,google,logic7,gin,2026,gradinput,0.2,0.79,0.1695542046605876,0.813456265659821,0.76,0.2089159067882472,0.813456265659821,0.03,True,False,0.15,0.16612554112554112,0.17857142857142852,66,0.1325227963525836,0.17426916493795,0.17647058823529413,0.9361702127659575,0.8036474164133736,47,0.64,0.035354652407258845
google__logic7__gin__seed2026,google,logic7,gin,2026,ig,0.05,0.96,0.0042553191489361,0.9948936170212764,0.96,0.0042553191489361,0.9546910462550436,0.0,True,False,0.22,0.03354978354978355,0.04797441364605543,66,0.01990881458966565,0.24287701114996674,0.24,0.7847517730496453,0.7648429584599795,47,0.74,-0.007226103777931917
google__logic7__gin__seed2026,google,logic7,gin,2026,ig,0.1,0.92,0.0960992907801418,0.9480649064374144,0.91,0.1074468085106383,0.8983233285789827,0.01,True,False,0.19,0.08284632034632033,0.09653518123667378,66,0.044756838905775066,0.21349909132728323,0.21052631578947367,0.8617021276595743,0.8169452887537995,47,0.73,-0.030602791898022706
google__logic7__gin__seed2026,google,logic7,gin,2026,ig,0.2,0.81,0.1986068895643363,0.833329619256579,0.8,0.2264690982776089,0.813456265659821,0.01,True,False,0.15,0.16612554112554112,0.17857142857142852,66,0.1325227963525836,0.17426916493795,0.17647058823529413,0.9361702127659575,0.8036474164133736,47,0.66,0.0052094852949856555
google__logic7__gin__seed42,google,logic7,gin,42,gradinput,0.05,0.96,0.0166666666666666,0.9948936170212764,0.96,0.0166666666666666,0.9573506207231288,0.0,True,False,0.22,0.03354978354978355,0.04797441364605543,66,0.01990881458966565,0.24287701114996674,0.24,0.7847517730496453,0.7648429584599795,47,0.74,-0.0035931064576481477
google__logic7__gin__seed42,google,logic7,gin,42,gradinput,0.1,0.93,0.0727203647416413,0.9546910462550436,0.92,0.0922239108409321,0.8983233285789827,0.01,True,False,0.19,0.08284632034632033,0.09653518123667378,66,0.044756838905775066,0.21349909132728323,0.21052631578947367,0.8617021276595743,0.8169452887537995,47,0.74,-0.044720638362379196
google__logic7__gin__seed42,google,logic7,gin,42,gradinput,0.2,0.89,0.1674265450861195,0.9117734745948356,0.89,0.1674265450861195,0.7779750728064551,0.0,True,False,0.15,0.16612554112554112,0.17857142857142852,66,0.1325227963525836,0.17426916493795,0.17647058823529413,0.9361702127659575,0.8036474164133736,47,0.74,-0.17839072288793154
google__logic7__gin__seed42,google,logic7,gin,42,ig,0.05,0.91,0.0306737588652482,0.9390069354229216,0.86,0.0391843971631205,0.9573506207231288,0.05,True,False,0.22,0.03354978354978355,0.04797441364605543,66,0.01990881458966565,0.24287701114996674,0.24,0.7847517730496453,0.7648429584599795,47,0.6900000000000001,0.06421723857327394
google__logic7__gin__seed42,google,logic7,gin,42,ig,0.1,0.74,0.091691995947315,0.7666275550759587,0.73,0.0987841945288754,0.8983233285789827,0.01,True,True,0.19,0.08284632034632033,0.09653518123667378,66,0.044756838905775066,0.21349909132728323,0.21052631578947367,0.8617021276595743,0.8169452887537995,47,0.55,0.2235184444603939
google__logic7__gin__seed42,google,logic7,gin,42,ig,0.2,0.53,0.1511144883485309,0.5570396026723302,0.51,0.1589159067882472,0.7779750728064551,0.02,True,True,0.15,0.16612554112554112,0.17857142857142852,66,0.1325227963525836,0.17426916493795,0.17647058823529413,0.9361702127659575,0.8036474164133736,47,0.38,0.3948804395980892
google__logic8__gcn__seed123,google,logic8,gcn,123,gradinput,0.05,0.93,0.039359236777715,0.9552677229464128,0.93,0.039359236777715,0.9552677229464128,0.0,True,False,0.32,0.044566420774599214,0.04810506366061922,269,0.04681324110671937,0.34094816462120053,0.3333333333333333,0.8299042443064183,0.7830910031996988,184,0.6100000000000001,0.039774920137952925
google__logic8__gcn__seed123,google,logic8,gcn,123,gradinput,0.1,0.88,0.0950292913608131,0.9024191886597204,0.88,0.0950292913608131,0.9024191886597204,0.0,True,False,0.27,0.0932908273056972,0.09664900942678722,269,0.09199153805132065,0.2909041702993742,0.2916666666666667,0.9117494824016563,0.8197579443503354,184,0.61,0.03544988681831924
google__logic8__gcn__seed123,google,logic8,gcn,123,gradinput,0.2,0.78,0.1738771645021644,0.8022864282947143,0.78,0.1738771645021644,0.8022864282947143,0.0,True,False,0.22,0.1778578608504259,0.1809028317361651,269,0.17074922360248446,0.2446970697600939,0.24,0.9719202898550724,0.8011710662525878,184,0.56,0.038273995772119186
google__logic8__gcn__seed123,google,logic8,gcn,123,ig,0.05,0.93,0.0333031400966183,0.9552677229464128,0.93,0.0333031400966183,0.9552677229464128,0.0,True,False,0.32,0.044566420774599214,0.04810506366061922,269,0.04681324110671937,0.34094816462120053,0.3333333333333333,0.8299042443064183,0.7830910031996988,184,0.6100000000000001,0.039774920137952925
google__logic8__gcn__seed123,google,logic8,gcn,123,ig,0.1,0.84,0.0846281134324612,0.8602399673880892,0.8300000000000001,0.0901146558755254,0.9024191886597204,0.0099999999999998,True,False,0.27,0.0932908273056972,0.09664900942678722,269,0.09199153805132065,0.2909041702993742,0.2916666666666667,0.9117494824016563,0.8197579443503354,184,0.57,0.09869907456793771
google__logic8__gcn__seed123,google,logic8,gcn,123,ig,0.2,0.66,0.1731046881862099,0.6815097985819859,0.65,0.1778665929481147,0.8022864282947143,0.01,True,True,0.22,0.1778578608504259,0.1809028317361651,269,0.17074922360248446,0.2446970697600939,0.24,0.9719202898550724,0.8011710662525878,184,0.44000000000000006,0.24435813953523647
google__logic8__gcn__seed2026,google,logic8,gcn,2026,gradinput,0.05,0.95,0.0337042788129744,0.9635620995261828,0.93,0.0455919834995922,0.9552677229464128,0.02,True,False,0.32,0.044566420774599214,0.04810506366061922,269,0.04681324110671937,0.34094816462120053,0.3333333333333333,0.8299042443064183,0.7830910031996988,184,0.6299999999999999,0.0082921306342794
google__logic8__gcn__seed2026,google,logic8,gcn,2026,gradinput,0.1,0.89,0.0817811264822134,0.9154662190660858,0.89,0.0817811264822134,0.9024191886597204,0.0,True,False,0.27,0.0932908273056972,0.09664900942678722,269,0.09199153805132065,0.2909041702993742,0.2916666666666667,0.9117494824016563,0.8197579443503354,184,0.62,0.019637589880914623
google__logic8__gcn__seed2026,google,logic8,gcn,2026,gradinput,0.2,0.76,0.1707143249262814,0.7782340988395715,0.76,0.1707143249262814,0.8099775606624959,0.0,True,True,0.22,0.1778578608504259,0.1809028317361651,269,0.17074922360248446,0.2446970697600939,0.24,0.9719202898550724,0.8011710662525878,184,0.54,0.08471095172903739
google__logic8__gcn__seed2026,google,logic8,gcn,2026,ig,0.05,0.95,0.0531489193173975,0.9635620995261828,0.95,0.0531489193173975,0.9552677229464128,0.0,False,False,0.32,0.044566420774599214,0.04810506366061922,269,0.04681324110671937,0.34094816462120053,0.3333333333333333,0.8299042443064183,0.7830910031996988,184,0.6299999999999999,0.0082921306342794
google__logic8__gcn__seed2026,google,logic8,gcn,2026,ig,0.1,0.91,0.0917946938327373,0.9329327485320432,0.91,0.0917946938327373,0.9024191886597204,0.0,True,False,0.27,0.0932908273056972,0.09664900942678722,269,0.09199153805132065,0.2909041702993742,0.2916666666666667,0.9117494824016563,0.8197579443503354,184,0.64,-0.011987003993894612
google__logic8__gcn__seed2026,google,logic8,gcn,2026,ig,0.2,0.8300000000000001,0.2031824455737499,0.8514839287407462,0.8300000000000001,0.2031824455737499,0.8099775606624959,0.0,False,False,0.22,0.1778578608504259,0.1809028317361651,269,0.17074922360248446,0.2446970697600939,0.24,0.9719202898550724,0.8011710662525878,184,0.6100000000000001,-0.033937628602383786
google__logic8__gcn__seed42,google,logic8,gcn,42,gradinput,0.05,0.96,0.0137638026224982,0.991304347826087,0.95,0.0510093167701863,0.9580983388884418,0.0099999999999998,True,False,0.32,0.044566420774599214,0.04810506366061922,269,0.04681324110671937,0.34094816462120053,0.3333333333333333,0.8299042443064183,0.7830910031996988,184,0.6399999999999999,-0.0029802006926877016
google__logic8__gcn__seed42,google,logic8,gcn,42,gradinput,0.1,0.91,0.081219806763285,0.9329327485320432,0.91,0.081219806763285,0.9154662190660858,0.0,True,False,0.27,0.0932908273056972,0.09664900942678722,269,0.09199153805132065,0.2909041702993742,0.2916666666666667,0.9117494824016563,0.8197579443503354,184,0.64,0.008468636939660108
google__logic8__gcn__seed42,google,logic8,gcn,42,gradinput,0.2,0.81,0.170514539808018,0.8370997138716055,0.81,0.170514539808018,0.8099775606624959,0.0,True,False,0.22,0.1778578608504259,0.1809028317361651,269,0.17074922360248446,0.2446970697600939,0.24,0.9719202898550724,0.8011710662525878,184,0.5900000000000001,-3.803422197773666e-05
google__logic8__gcn__seed42,google,logic8,gcn,42,ig,0.05,0.96,0.0272541015747537,0.991304347826087,0.96,0.0272541015747537,0.9580983388884418,0.0,True,False,0.32,0.044566420774599214,0.04810506366061922,269,0.04681324110671937,0.34094816462120053,0.3333333333333333,0.8299042443064183,0.7830910031996988,184,0.6399999999999999,-0.0029802006926877016
google__logic8__gcn__seed42,google,logic8,gcn,42,ig,0.1,0.96,0.0272541015747537,0.991304347826087,0.95,0.1040441291799987,0.9154662190660858,0.0099999999999998,True,False,0.27,0.0932908273056972,0.09664900942678722,269,0.09199153805132065,0.2909041702993742,0.2916666666666667,0.9117494824016563,0.8197579443503354,184,0.69,-0.06899475079942884
google__logic8__gcn__seed42,google,logic8,gcn,42,ig,0.2,0.89,0.181968951941778,0.9154662190660858,0.88,0.1966669803626325,0.8099775606624959,0.01,True,False,0.22,0.1778578608504259,0.1809028317361651,269,0.17074922360248446,0.2446970697600939,0.24,0.9719202898550724,0.8011710662525878,184,0.67,-0.13563641174360175
google__logic8__gin__seed123,google,logic8,gin,123,gradinput,0.05,0.96,0.0218389249639249,0.991304347826087,0.96,0.0218389249639249,0.9552677229464128,0.0,True,False,0.32,0.044566420774599214,0.04810506366061922,269,0.04681324110671937,0.34094816462120053,0.3333333333333333,0.8299042443064183,0.7830910031996988,184,0.6399999999999999,-0.007449264117557452
google__logic8__gin__seed123,google,logic8,gin,123,gradinput,0.1,0.95,0.0828098531902879,0.9635620995261828,0.94,0.0915184453227931,0.9024191886597204,0.01,True,False,0.27,0.0932908273056972,0.09664900942678722,269,0.09199153805132065,0.2909041702993742,0.2916666666666667,0.9117494824016563,0.8197579443503354,184,0.6799999999999999,-0.07523619174351291
google__logic8__gin__seed123,google,logic8,gin,123,gradinput,0.2,0.89,0.182394402095489,0.9154662190660858,0.89,0.182394402095489,0.8022864282947143,0.0,True,False,0.22,0.1778578608504259,0.1809028317361651,269,0.17074922360248446,0.2446970697600939,0.24,0.9719202898550724,0.8011710662525878,184,0.67,-0.15063646934407166
google__logic8__gin__seed123,google,logic8,gin,123,ig,0.05,0.89,0.0394129572118702,0.9154662190660858,0.89,0.0394129572118702,0.9552677229464128,0.0,True,False,0.32,0.044566420774599214,0.04810506366061922,269,0.04681324110671937,0.34094816462120053,0.3333333333333333,0.8299042443064183,0.7830910031996988,184,0.5700000000000001,0.10274049914530034
google__logic8__gin__seed123,google,logic8,gin,123,ig,0.1,0.85,0.0939964473931865,0.8710699269022593,0.85,0.0939964473931865,0.9024191886597204,0.0,True,False,0.27,0.0932908273056972,0.09664900942678722,269,0.09199153805132065,0.2909041702993742,0.2916666666666667,0.9117494824016563,0.8197579443503354,184,0.58,0.08288677763053309
google__logic8__gin__seed123,google,logic8,gin,123,ig,0.2,0.77,0.195086148754627,0.7942440479697253,0.76,0.2085609589685676,0.8022864282947143,0.01,True,True,0.22,0.1778578608504259,0.1809028317361651,269,0.17074922360248446,0.2446970697600939,0.24,0.9719202898550724,0.8011710662525878,184,0.55,0.05544767441904564
google__logic8__gin__seed2026,google,logic8,gin,2026,gradinput,0.05,0.96,0.0144780491247882,0.991304347826087,0.96,0.0144780491247882,0.9552677229464128,0.0,True,False,0.32,0.044566420774599214,0.04810506366061922,269,0.04681324110671937,0.34094816462120053,0.3333333333333333,0.8299042443064183,0.7830910031996988,184,0.6399999999999999,-0.007449264117557452
google__logic8__gin__seed2026,google,logic8,gin,2026,gradinput,0.1,0.93,0.0625782279314888,0.9552677229464128,0.93,0.0625782279314888,0.9024191886597204,0.0,True,False,0.27,0.0932908273056972,0.09664900942678722,269,0.09199153805132065,0.2909041702993742,0.2916666666666667,0.9117494824016563,0.8197579443503354,184,0.66,-0.04361159786870385
google__logic8__gin__seed2026,google,logic8,gin,2026,gradinput,0.2,0.87,0.1597410439801744,0.8946066886597205,0.86,0.1747300254093732,0.8099775606624959,0.01,True,False,0.22,0.1778578608504259,0.1809028317361651,269,0.17074922360248446,0.2446970697600939,0.24,0.9719202898550724,0.8011710662525878,184,0.65,-0.1017368173631957
google__logic8__gin__seed2026,google,logic8,gin,2026,ig,0.05,0.85,0.0391437668611581,0.8710699269022593,0.84,0.0431143735491561,0.9552677229464128,0.01,True,False,0.32,0.044566420774599214,0.04810506366061922,269,0.04681324110671937,0.34094816462120053,0.3333333333333333,0.8299042443064183,0.7830910031996988,184,0.53,0.16570607815264773
google__logic8__gin__seed2026,google,logic8,gin,2026,ig,0.1,0.76,0.0872982542819499,0.7782340988395715,0.74,0.0962225123909906,0.9024191886597204,0.02,True,True,0.27,0.0932908273056972,0.09664900942678722,269,0.09199153805132065,0.2909041702993742,0.2916666666666667,0.9117494824016563,0.8197579443503354,184,0.49,0.22519745006717445
google__logic8__gin__seed2026,google,logic8,gin,2026,ig,0.2,0.58,0.1875194099378881,0.6011127982184234,0.58,0.1875194099378881,0.8099775606624959,0.0,True,True,0.22,0.1778578608504259,0.1809028317361651,269,0.17074922360248446,0.2446970697600939,0.24,0.9719202898550724,0.8011710662525878,184,0.36,0.38980730115269163
google__logic8__gin__seed42,google,logic8,gin,42,gradinput,0.05,0.95,0.0403793368467281,0.9635620995261828,0.95,0.0403793368467281,0.9580983388884418,0.0,True,False,0.32,0.044566420774599214,0.04810506366061922,269,0.04681324110671937,0.34094816462120053,0.3333333333333333,0.8299042443064183,0.7830910031996988,184,0.6299999999999999,0.012691364943135558
google__logic8__gin__seed42,google,logic8,gin,42,gradinput,0.1,0.91,0.076471626199887,0.9329327485320432,0.91,0.076471626199887,0.9154662190660858,0.0,True,False,0.27,0.0932908273056972,0.09664900942678722,269,0.09199153805132065,0.2909041702993742,0.2916666666666667,0.9117494824016563,0.8197579443503354,184,0.64,0.008468636939660108
google__logic8__gin__seed42,google,logic8,gin,42,gradinput,0.2,0.8200000000000001,0.1788682633791329,0.8440475893656765,0.8200000000000001,0.1788682633791329,0.8099775606624959,0.0,True,False,0.22,0.1778578608504259,0.1809028317361651,269,0.17074922360248446,0.2446970697600939,0.24,0.9719202898550724,0.8011710662525878,184,0.6000000000000001,-0.016987831412180764
google__logic8__gin__seed42,google,logic8,gin,42,ig,0.05,0.91,0.0379534867306606,0.9329327485320432,0.91,0.0379534867306606,0.9580983388884418,0.0,True,False,0.32,0.044566420774599214,0.04810506366061922,269,0.04681324110671937,0.34094816462120053,0.3333333333333333,0.8299042443064183,0.7830910031996988,184,0.5900000000000001,0.07537762748642841
google__logic8__gin__seed42,google,logic8,gin,42,ig,0.1,0.86,0.090565201706506,0.8816677529892157,0.86,0.090565201706506,0.9154662190660858,0.0,True,False,0.27,0.0932908273056972,0.09664900942678722,269,0.09199153805132065,0.2909041702993742,0.2916666666666667,0.9117494824016563,0.8197579443503354,184,0.59,0.08593202467874923
google__logic8__gin__seed42,google,logic8,gin,42,ig,0.2,0.76,0.1943030851998242,0.7782340988395715,0.76,0.1943030851998242,0.8099775606624959,0.0,True,True,0.22,0.1778578608504259,0.1809028317361651,269,0.17074922360248446,0.2446970697600939,0.24,0.9719202898550724,0.8011710662525878,184,0.54,0.08471095172903739
